Workbook

Sheet Read Me First
A1: v2026.04.17
A2: This builds upon Gear Skeptic's extensive videos and associated work on Hiker Food 2.5, for which I'm deeply grateful.
A5: How this Google Sheet works:
A6: Make a copy so you can edit it: File > Make a Copy
A8: Use the Multi-Day Planner to map out each day's meals:
B9: Start typing and any relevant items already in Hiker Food will appear
B10: Look at Color Keys to understand different weight, fat, carbs/protein, and salt ratios
B11: Skip any meal you like
B12: If you need to add a 4th (5th, 6th...) item to a meal, insert a row and add it in the middle of that section, not at the bottom
A13: Repeat for each day of your trip before restock
B14: Use the Shopping List to help with what to buy
A15: Something missing? Add a new row to Hiker Food but not at the very bottom
B16: If you add it to a blank row at the bottom, it won't be included in the dropdowns or calculators
B17: Instead, insert a row anywhere else
B18: Fill out all the relevant details if you care about the calculations
B19: Once you're done, it'll be available in the planner
A21: Notes:
B22: Original Reddit thread regarding a beta of this sheet
B23: I made some edits to Hiker Food 2.5:
C24: To make the pre-selected drop-downs work, I merged Hiker Food and Dried Meals into a single sheet
C25: I modified some colors, largely making "ideal" stuff shades of green instead of the original shades of oranges and reds
C26: Some of the formulas showed errors because they divided by zero. While I'm a backpacker by heart, I'm a spreadsheet nerd by day and this bothered me. So now these show N/A rather than an error.
B27: Electrolytes and NaK Calculator are untouched from the original Hiker Food 2.5
A29: Changelog
B30: Added grams to the Multi-Day Planner, it's currently only in ounces.
B31: Fixed a bug where the dropdown options for the planner weren't fixed to the top of the hiker food list
B32: Adjusted the tab layout

Sheet Multi-day planner
A1: Day | B1: Meal | C1: Item | D1: Qty | E1: Oz | F1: Gr | G1: Fat | H1: NA | I1: K | J1: Carbs | K1: Fiber | L1: Sugar | M1: Other | N1: Protein | O1: Cal | P1: Carb/Pro | Q1: Fat % | R1: Sugar % | S1: Na/kcal | T1: Sum | U1: Oz/kcal | V1: Oz | W1: Gr/kcal | X1: Gr | Y1: Kcal | Z1: Carb/Pro | AA1: Fat % | AB1: Sugar % | AC1: Na/kcal
A2: 1 | B2: Breakfast | C2: Backpacker's Pantry Granola with Bananas & Milk | D2: 1 | E2: {=if(C2="","",_xlfn.xlookup(C2,'Hiker Food'!$C:$C,'Hiker Food'!G:G)*D2)} -> 4.7619887 | F2: {=if(C2="","",_xlfn.xlookup(C2,'Hiker Food'!$C:$C,'Hiker Food'!H:H)*D2)} -> 135 | G2: {=if($C2="","",_xlfn.xlookup($C2,'Hiker Food'!$C:$C,'Hiker Food'!J:J)*$D2)} -> 31 | H2: {=if($C2="","",_xlfn.xlookup($C2,'Hiker Food'!$C:$C,'Hiker Food'!K:K)*$D2)} -> 280 | I2: {=if($C2="","",_xlfn.xlookup($C2,'Hiker Food'!$C:$C,'Hiker Food'!L:L)*$D2)} -> 0 | J2: {=if($C2="","",_xlfn.xlookup($C2,'Hiker Food'!$C:$C,'Hiker Food'!M:M)*$D2)} -> 74 | K2: {=if($C2="","",_xlfn.xlookup($C2,'Hiker Food'!$C:$C,'Hiker Food'!N:N)*$D2)} -> 7 | L2: {=if($C2="","",_xlfn.xlookup($C2,'Hiker Food'!$C:$C,'Hiker Food'!O:O)*$D2)} -> 32 | M2: {=if($C2="","",_xlfn.xlookup($C2,'Hiker Food'!$C:$C,'Hiker Food'!P:P)*$D2)} -> 35 | N2: {=if($C2="","",_xlfn.xlookup($C2,'Hiker Food'!$C:$C,'Hiker Food'!Q:Q)*$D2)} -> 17 | O2: {=if($C2="","",_xlfn.xlookup($C2,'Hiker Food'!$C:$C,'Hiker Food'!I:I)*$D2)} -> 620 | P2: {=if($C2="","",_xlfn.xlookup($C2,'Hiker Food'!$C:$C,'Hiker Food'!T:T))} -> 4.3529412 | Q2: {=if($C2="","",_xlfn.xlookup($C2,'Hiker Food'!$C:$C,'Hiker Food'!U:U))} -> 0.43390358 | R2: {=if($C2="","",_xlfn.xlookup($C2,'Hiker Food'!$C:$C,'Hiker Food'!V:V))} -> 0.19906687 | S2: {=if($C2="","",_xlfn.xlookup($C2,'Hiker Food'!$C:$C,'Hiker Food'!W:W))} -> 0.4516129 | T2: Breakfast | U2: =if($C2="","",$Y2/V2) -> 130.1977 | V2: =if($C2="","",sum(E2:E4)) -> 4.7619887 | W2: =if($C2="","",$Y2/X2) -> 4.5925926 | X2: =if($C2="","",sum(F2:F4)) -> 135 | Y2: =if($C2="","",sum(O2:O4)) -> 620 | Z2: =if($C2="","",(sum(J2:J4)/sum(N2:N4))) -> 4.3529412 | AA2: =if($C2="","",sum(G2:G4)*9/sum(sum(G2:G4)*9+sum(J2:J4)*4+sum(N2:N4)*4)) -> 0.43390358 | AB2: =if($C2="","",sum(L2:L4)*4/sum(sum(G2:G4)*9+sum(J2:J4)*4+sum(N2:N4)*4)) -> 0.19906687 | AC2: =if($C2="","",(sum(H2:H4)/sum(O2:O4))) -> 0.4516129
D3: 1 | E3: {=if(C3="","",_xlfn.xlookup(C3,'Hiker Food'!$C:$C,'Hiker Food'!G:G)*D3)} | F3: {=if(C3="","",_xlfn.xlookup(C3,'Hiker Food'!$C:$C,'Hiker Food'!H:H)*D3)} | G3: {=if($C3="","",_xlfn.xlookup($C3,'Hiker Food'!$C:$C,'Hiker Food'!J:J)*$D3)} | H3: {=if($C3="","",_xlfn.xlookup($C3,'Hiker Food'!$C:$C,'Hiker Food'!K:K)*$D3)} | I3: {=if($C3="","",_xlfn.xlookup($C3,'Hiker Food'!$C:$C,'Hiker Food'!L:L)*$D3)} | J3: {=if($C3="","",_xlfn.xlookup($C3,'Hiker Food'!$C:$C,'Hiker Food'!M:M)*$D3)} | K3: {=if($C3="","",_xlfn.xlookup($C3,'Hiker Food'!$C:$C,'Hiker Food'!N:N)*$D3)} | L3: {=if($C3="","",_xlfn.xlookup($C3,'Hiker Food'!$C:$C,'Hiker Food'!O:O)*$D3)} | M3: {=if($C3="","",_xlfn.xlookup($C3,'Hiker Food'!$C:$C,'Hiker Food'!P:P)*$D3)} | N3: {=if($C3="","",_xlfn.xlookup($C3,'Hiker Food'!$C:$C,'Hiker Food'!Q:Q)*$D3)} | O3: {=if($C3="","",_xlfn.xlookup($C3,'Hiker Food'!$C:$C,'Hiker Food'!I:I)*$D3)} | P3: {=if($C3="","",_xlfn.xlookup($C3,'Hiker Food'!$C:$C,'Hiker Food'!T:T))} | Q3: {=if($C3="","",_xlfn.xlookup($C3,'Hiker Food'!$C:$C,'Hiker Food'!U:U))} | R3: {=if($C3="","",_xlfn.xlookup($C3,'Hiker Food'!$C:$C,'Hiker Food'!V:V))} | S3: {=if($C3="","",_xlfn.xlookup($C3,'Hiker Food'!$C:$C,'Hiker Food'!W:W))}
D4: 1 | E4: {=if(C4="","",_xlfn.xlookup(C4,'Hiker Food'!$C:$C,'Hiker Food'!G:G)*D4)} | F4: {=if(C4="","",_xlfn.xlookup(C4,'Hiker Food'!$C:$C,'Hiker Food'!H:H)*D4)} | G4: {=if($C4="","",_xlfn.xlookup($C4,'Hiker Food'!$C:$C,'Hiker Food'!J:J)*$D4)} | H4: {=if($C4="","",_xlfn.xlookup($C4,'Hiker Food'!$C:$C,'Hiker Food'!K:K)*$D4)} | I4: {=if($C4="","",_xlfn.xlookup($C4,'Hiker Food'!$C:$C,'Hiker Food'!L:L)*$D4)} | J4: {=if($C4="","",_xlfn.xlookup($C4,'Hiker Food'!$C:$C,'Hiker Food'!M:M)*$D4)} | K4: {=if($C4="","",_xlfn.xlookup($C4,'Hiker Food'!$C:$C,'Hiker Food'!N:N)*$D4)} | L4: {=if($C4="","",_xlfn.xlookup($C4,'Hiker Food'!$C:$C,'Hiker Food'!O:O)*$D4)} | M4: {=if($C4="","",_xlfn.xlookup($C4,'Hiker Food'!$C:$C,'Hiker Food'!P:P)*$D4)} | N4: {=if($C4="","",_xlfn.xlookup($C4,'Hiker Food'!$C:$C,'Hiker Food'!Q:Q)*$D4)} | O4: {=if($C4="","",_xlfn.xlookup($C4,'Hiker Food'!$C:$C,'Hiker Food'!I:I)*$D4)} | P4: {=if($C4="","",_xlfn.xlookup($C4,'Hiker Food'!$C:$C,'Hiker Food'!T:T))} | Q4: {=if($C4="","",_xlfn.xlookup($C4,'Hiker Food'!$C:$C,'Hiker Food'!U:U))} | R4: {=if($C4="","",_xlfn.xlookup($C4,'Hiker Food'!$C:$C,'Hiker Food'!V:V))} | S4: {=if($C4="","",_xlfn.xlookup($C4,'Hiker Food'!$C:$C,'Hiker Food'!W:W))}
B5: Morning Snacks | C5: Honey Stinger Waffle, Short Stack with Maple | D5: 2 | E5: {=if(C5="","",_xlfn.xlookup(C5,'Hiker Food'!$C:$C,'Hiker Food'!G:G)*D5)} -> 2.1164394 | F5: {=if(C5="","",_xlfn.xlookup(C5,'Hiker Food'!$C:$C,'Hiker Food'!H:H)*D5)} -> 60 | G5: {=if($C5="","",_xlfn.xlookup($C5,'Hiker Food'!$C:$C,'Hiker Food'!J:J)*$D5)} -> 14 | H5: {=if($C5="","",_xlfn.xlookup($C5,'Hiker Food'!$C:$C,'Hiker Food'!K:K)*$D5)} -> 110 | I5: {=if($C5="","",_xlfn.xlookup($C5,'Hiker Food'!$C:$C,'Hiker Food'!L:L)*$D5)} -> 0 | J5: {=if($C5="","",_xlfn.xlookup($C5,'Hiker Food'!$C:$C,'Hiker Food'!M:M)*$D5)} -> 38 | K5: {=if($C5="","",_xlfn.xlookup($C5,'Hiker Food'!$C:$C,'Hiker Food'!N:N)*$D5)} -> 2 | L5: {=if($C5="","",_xlfn.xlookup($C5,'Hiker Food'!$C:$C,'Hiker Food'!O:O)*$D5)} -> 20 | M5: {=if($C5="","",_xlfn.xlookup($C5,'Hiker Food'!$C:$C,'Hiker Food'!P:P)*$D5)} -> 16 | N5: {=if($C5="","",_xlfn.xlookup($C5,'Hiker Food'!$C:$C,'Hiker Food'!Q:Q)*$D5)} -> 2 | O5: {=if($C5="","",_xlfn.xlookup($C5,'Hiker Food'!$C:$C,'Hiker Food'!I:I)*$D5)} -> 300 | P5: {=if($C5="","",_xlfn.xlookup($C5,'Hiker Food'!$C:$C,'Hiker Food'!T:T))} -> 19 | Q5: {=if($C5="","",_xlfn.xlookup($C5,'Hiker Food'!$C:$C,'Hiker Food'!U:U))} -> 0.44055944 | R5: {=if($C5="","",_xlfn.xlookup($C5,'Hiker Food'!$C:$C,'Hiker Food'!V:V))} -> 0.27972028 | S5: {=if($C5="","",_xlfn.xlookup($C5,'Hiker Food'!$C:$C,'Hiker Food'!W:W))} -> 0.36666667 | T5: Morning Snacks | U5: =if(C5="","",Y5/V5) -> 164.61 | V5: =if($C5="","",sum(E5:E7)) -> 4.3739748 | W5: =if($C5="","",$Y5/X5) -> 5.8064516 | X5: =if($C5="","",sum(F5:F7)) -> 124 | Y5: =if($C5="","",sum(O5:O7)) -> 720 | Z5: =if($C5="","",(sum(J5:J7)/sum(N5:N7))) -> 3.125 | AA5: =if($C5="","",sum(G5:G7)*9/sum(sum(G5:G7)*9+sum(J5:J7)*4+sum(N5:N7)*4)) -> 0.6302521 | AB5: =if($C5="","",sum(L5:L7)*4/sum(sum(G5:G7)*9+sum(J5:J7)*4+sum(N5:N7)*4)) -> 0.13445378 | AC5: =if($C5="","",(sum(H5:H7)/sum(O5:O7))) -> 0.22222222
C6: Justin's Classic Peanut Butter | D6: 2 | E6: {=if(C6="","",_xlfn.xlookup(C6,'Hiker Food'!$C:$C,'Hiker Food'!G:G)*D6)} -> 2.2575354 | F6: {=if(C6="","",_xlfn.xlookup(C6,'Hiker Food'!$C:$C,'Hiker Food'!H:H)*D6)} -> 64 | G6: {=if($C6="","",_xlfn.xlookup($C6,'Hiker Food'!$C:$C,'Hiker Food'!J:J)*$D6)} -> 36 | H6: {=if($C6="","",_xlfn.xlookup($C6,'Hiker Food'!$C:$C,'Hiker Food'!K:K)*$D6)} -> 50 | I6: {=if($C6="","",_xlfn.xlookup($C6,'Hiker Food'!$C:$C,'Hiker Food'!L:L)*$D6)} -> 180 | J6: {=if($C6="","",_xlfn.xlookup($C6,'Hiker Food'!$C:$C,'Hiker Food'!M:M)*$D6)} -> 12 | K6: {=if($C6="","",_xlfn.xlookup($C6,'Hiker Food'!$C:$C,'Hiker Food'!N:N)*$D6)} -> 2 | L6: {=if($C6="","",_xlfn.xlookup($C6,'Hiker Food'!$C:$C,'Hiker Food'!O:O)*$D6)} -> 4 | M6: {=if($C6="","",_xlfn.xlookup($C6,'Hiker Food'!$C:$C,'Hiker Food'!P:P)*$D6)} -> 6 | N6: {=if($C6="","",_xlfn.xlookup($C6,'Hiker Food'!$C:$C,'Hiker Food'!Q:Q)*$D6)} -> 14 | O6: {=if($C6="","",_xlfn.xlookup($C6,'Hiker Food'!$C:$C,'Hiker Food'!I:I)*$D6)} -> 420 | P6: {=if($C6="","",_xlfn.xlookup($C6,'Hiker Food'!$C:$C,'Hiker Food'!T:T))} -> 0.85714286 | Q6: {=if($C6="","",_xlfn.xlookup($C6,'Hiker Food'!$C:$C,'Hiker Food'!U:U))} -> 0.75700935 | R6: {=if($C6="","",_xlfn.xlookup($C6,'Hiker Food'!$C:$C,'Hiker Food'!V:V))} -> 0.037383178 | S6: {=if($C6="","",_xlfn.xlookup($C6,'Hiker Food'!$C:$C,'Hiker Food'!W:W))} -> 0.11904762
D7: 1 | E7: {=if(C7="","",_xlfn.xlookup(C7,'Hiker Food'!$C:$C,'Hiker Food'!G:G)*D7)} | F7: {=if(C7="","",_xlfn.xlookup(C7,'Hiker Food'!$C:$C,'Hiker Food'!H:H)*D7)} | G7: {=if($C7="","",_xlfn.xlookup($C7,'Hiker Food'!$C:$C,'Hiker Food'!J:J)*$D7)} | H7: {=if($C7="","",_xlfn.xlookup($C7,'Hiker Food'!$C:$C,'Hiker Food'!K:K)*$D7)} | I7: {=if($C7="","",_xlfn.xlookup($C7,'Hiker Food'!$C:$C,'Hiker Food'!L:L)*$D7)} | J7: {=if($C7="","",_xlfn.xlookup($C7,'Hiker Food'!$C:$C,'Hiker Food'!M:M)*$D7)} | K7: {=if($C7="","",_xlfn.xlookup($C7,'Hiker Food'!$C:$C,'Hiker Food'!N:N)*$D7)} | L7: {=if($C7="","",_xlfn.xlookup($C7,'Hiker Food'!$C:$C,'Hiker Food'!O:O)*$D7)} | M7: {=if($C7="","",_xlfn.xlookup($C7,'Hiker Food'!$C:$C,'Hiker Food'!P:P)*$D7)} | N7: {=if($C7="","",_xlfn.xlookup($C7,'Hiker Food'!$C:$C,'Hiker Food'!Q:Q)*$D7)} | O7: {=if($C7="","",_xlfn.xlookup($C7,'Hiker Food'!$C:$C,'Hiker Food'!I:I)*$D7)} | P7: {=if($C7="","",_xlfn.xlookup($C7,'Hiker Food'!$C:$C,'Hiker Food'!T:T))} | Q7: {=if($C7="","",_xlfn.xlookup($C7,'Hiker Food'!$C:$C,'Hiker Food'!U:U))} | R7: {=if($C7="","",_xlfn.xlookup($C7,'Hiker Food'!$C:$C,'Hiker Food'!V:V))} | S7: {=if($C7="","",_xlfn.xlookup($C7,'Hiker Food'!$C:$C,'Hiker Food'!W:W))}
B8: Lunch | C8: Open Nature Uncured Hot Italian Salami | D8: 3 | E8: {=if(C8="","",_xlfn.xlookup(C8,'Hiker Food'!$C:$C,'Hiker Food'!G:G)*D8)} -> 2.9630152 | F8: {=if(C8="","",_xlfn.xlookup(C8,'Hiker Food'!$C:$C,'Hiker Food'!H:H)*D8)} -> 84 | G8: {=if($C8="","",_xlfn.xlookup($C8,'Hiker Food'!$C:$C,'Hiker Food'!J:J)*$D8)} -> 30 | H8: {=if($C8="","",_xlfn.xlookup($C8,'Hiker Food'!$C:$C,'Hiker Food'!K:K)*$D8)} -> 1320 | I8: {=if($C8="","",_xlfn.xlookup($C8,'Hiker Food'!$C:$C,'Hiker Food'!L:L)*$D8)} -> 0 | J8: {=if($C8="","",_xlfn.xlookup($C8,'Hiker Food'!$C:$C,'Hiker Food'!M:M)*$D8)} -> 3 | K8: {=if($C8="","",_xlfn.xlookup($C8,'Hiker Food'!$C:$C,'Hiker Food'!N:N)*$D8)} -> 0 | L8: {=if($C8="","",_xlfn.xlookup($C8,'Hiker Food'!$C:$C,'Hiker Food'!O:O)*$D8)} -> 0 | M8: {=if($C8="","",_xlfn.xlookup($C8,'Hiker Food'!$C:$C,'Hiker Food'!P:P)*$D8)} -> 3 | N8: {=if($C8="","",_xlfn.xlookup($C8,'Hiker Food'!$C:$C,'Hiker Food'!Q:Q)*$D8)} -> 18 | O8: {=if($C8="","",_xlfn.xlookup($C8,'Hiker Food'!$C:$C,'Hiker Food'!I:I)*$D8)} -> 330 | P8: {=if($C8="","",_xlfn.xlookup($C8,'Hiker Food'!$C:$C,'Hiker Food'!T:T))} -> 0.16666667 | Q8: {=if($C8="","",_xlfn.xlookup($C8,'Hiker Food'!$C:$C,'Hiker Food'!U:U))} -> 0.76271186 | R8: {=if($C8="","",_xlfn.xlookup($C8,'Hiker Food'!$C:$C,'Hiker Food'!V:V))} -> 0% | S8: {=if($C8="","",_xlfn.xlookup($C8,'Hiker Food'!$C:$C,'Hiker Food'!W:W))} -> 4 | T8: Lunch | U8: =if(C8="","",Y8/V8) -> 115.71224 | V8: =if($C8="","",sum(E8:E10)) -> 5.1852766 | W8: =if($C8="","",$Y8/X8) -> 4.0816327 | X8: =if($C8="","",sum(F8:F10)) -> 147 | Y8: =if($C8="","",sum(O8:O10)) -> 600 | Z8: =if($C8="","",(sum(J8:J10)/sum(N8:N10))) -> 0.18181818 | AA8: =if($C8="","",sum(G8:G10)*9/sum(sum(G8:G10)*9+sum(J8:J10)*4+sum(N8:N10)*4)) -> 0.74634146 | AB8: =if($C8="","",sum(L8:L10)*4/sum(sum(G8:G10)*9+sum(J8:J10)*4+sum(N8:N10)*4)) -> 0 | AC8: =if($C8="","",(sum(H8:H10)/sum(O8:O10))) -> 2.95
C9: Tillamook Cheese packet, Medium Cheddar | D9: 3 | E9: {=if(C9="","",_xlfn.xlookup(C9,'Hiker Food'!$C:$C,'Hiker Food'!G:G)*D9)} -> 2.2222614 | F9: {=if(C9="","",_xlfn.xlookup(C9,'Hiker Food'!$C:$C,'Hiker Food'!H:H)*D9)} -> 63 | G9: {=if($C9="","",_xlfn.xlookup($C9,'Hiker Food'!$C:$C,'Hiker Food'!J:J)*$D9)} -> 21 | H9: {=if($C9="","",_xlfn.xlookup($C9,'Hiker Food'!$C:$C,'Hiker Food'!K:K)*$D9)} -> 450 | I9: {=if($C9="","",_xlfn.xlookup($C9,'Hiker Food'!$C:$C,'Hiker Food'!L:L)*$D9)} -> 0 | J9: {=if($C9="","",_xlfn.xlookup($C9,'Hiker Food'!$C:$C,'Hiker Food'!M:M)*$D9)} -> 3 | K9: {=if($C9="","",_xlfn.xlookup($C9,'Hiker Food'!$C:$C,'Hiker Food'!N:N)*$D9)} -> 0 | L9: {=if($C9="","",_xlfn.xlookup($C9,'Hiker Food'!$C:$C,'Hiker Food'!O:O)*$D9)} -> 0 | M9: {=if($C9="","",_xlfn.xlookup($C9,'Hiker Food'!$C:$C,'Hiker Food'!P:P)*$D9)} -> 3 | N9: {=if($C9="","",_xlfn.xlookup($C9,'Hiker Food'!$C:$C,'Hiker Food'!Q:Q)*$D9)} -> 15 | O9: {=if($C9="","",_xlfn.xlookup($C9,'Hiker Food'!$C:$C,'Hiker Food'!I:I)*$D9)} -> 270 | P9: {=if($C9="","",_xlfn.xlookup($C9,'Hiker Food'!$C:$C,'Hiker Food'!T:T))} -> 0.2 | Q9: {=if($C9="","",_xlfn.xlookup($C9,'Hiker Food'!$C:$C,'Hiker Food'!U:U))} -> 0.72413793 | R9: {=if($C9="","",_xlfn.xlookup($C9,'Hiker Food'!$C:$C,'Hiker Food'!V:V))} -> 0% | S9: {=if($C9="","",_xlfn.xlookup($C9,'Hiker Food'!$C:$C,'Hiker Food'!W:W))} -> 1.6666667
D10: 1 | E10: {=if(C10="","",_xlfn.xlookup(C10,'Hiker Food'!$C:$C,'Hiker Food'!G:G)*D10)} | F10: {=if(C10="","",_xlfn.xlookup(C10,'Hiker Food'!$C:$C,'Hiker Food'!H:H)*D10)} | G10: {=if($C10="","",_xlfn.xlookup($C10,'Hiker Food'!$C:$C,'Hiker Food'!J:J)*$D10)} | H10: {=if($C10="","",_xlfn.xlookup($C10,'Hiker Food'!$C:$C,'Hiker Food'!K:K)*$D10)} | I10: {=if($C10="","",_xlfn.xlookup($C10,'Hiker Food'!$C:$C,'Hiker Food'!L:L)*$D10)} | J10: {=if($C10="","",_xlfn.xlookup($C10,'Hiker Food'!$C:$C,'Hiker Food'!M:M)*$D10)} | K10: {=if($C10="","",_xlfn.xlookup($C10,'Hiker Food'!$C:$C,'Hiker Food'!N:N)*$D10)} | L10: {=if($C10="","",_xlfn.xlookup($C10,'Hiker Food'!$C:$C,'Hiker Food'!O:O)*$D10)} | M10: {=if($C10="","",_xlfn.xlookup($C10,'Hiker Food'!$C:$C,'Hiker Food'!P:P)*$D10)} | N10: {=if($C10="","",_xlfn.xlookup($C10,'Hiker Food'!$C:$C,'Hiker Food'!Q:Q)*$D10)} | O10: {=if($C10="","",_xlfn.xlookup($C10,'Hiker Food'!$C:$C,'Hiker Food'!I:I)*$D10)} | P10: {=if($C10="","",_xlfn.xlookup($C10,'Hiker Food'!$C:$C,'Hiker Food'!T:T))} | Q10: {=if($C10="","",_xlfn.xlookup($C10,'Hiker Food'!$C:$C,'Hiker Food'!U:U))} | R10: {=if($C10="","",_xlfn.xlookup($C10,'Hiker Food'!$C:$C,'Hiker Food'!V:V))} | S10: {=if($C10="","",_xlfn.xlookup($C10,'Hiker Food'!$C:$C,'Hiker Food'!W:W))}
B11: Afternoon Snacks | C11: Safeway (bulk dispenser) Mountain Mix | D11: 1 | E11: {=if(C11="","",_xlfn.xlookup(C11,'Hiker Food'!$C:$C,'Hiker Food'!G:G)*D11)} -> 1.4109596 | F11: {=if(C11="","",_xlfn.xlookup(C11,'Hiker Food'!$C:$C,'Hiker Food'!H:H)*D11)} -> 40 | G11: {=if($C11="","",_xlfn.xlookup($C11,'Hiker Food'!$C:$C,'Hiker Food'!J:J)*$D11)} -> 11 | H11: {=if($C11="","",_xlfn.xlookup($C11,'Hiker Food'!$C:$C,'Hiker Food'!K:K)*$D11)} -> 62 | I11: {=if($C11="","",_xlfn.xlookup($C11,'Hiker Food'!$C:$C,'Hiker Food'!L:L)*$D11)} -> 0 | J11: {=if($C11="","",_xlfn.xlookup($C11,'Hiker Food'!$C:$C,'Hiker Food'!M:M)*$D11)} -> 21 | K11: {=if($C11="","",_xlfn.xlookup($C11,'Hiker Food'!$C:$C,'Hiker Food'!N:N)*$D11)} -> 3 | L11: {=if($C11="","",_xlfn.xlookup($C11,'Hiker Food'!$C:$C,'Hiker Food'!O:O)*$D11)} -> 16 | M11: {=if($C11="","",_xlfn.xlookup($C11,'Hiker Food'!$C:$C,'Hiker Food'!P:P)*$D11)} -> 2 | N11: {=if($C11="","",_xlfn.xlookup($C11,'Hiker Food'!$C:$C,'Hiker Food'!Q:Q)*$D11)} -> 5 | O11: {=if($C11="","",_xlfn.xlookup($C11,'Hiker Food'!$C:$C,'Hiker Food'!I:I)*$D11)} -> 190 | P11: {=if($C11="","",_xlfn.xlookup($C11,'Hiker Food'!$C:$C,'Hiker Food'!T:T))} -> 4.2 | Q11: {=if($C11="","",_xlfn.xlookup($C11,'Hiker Food'!$C:$C,'Hiker Food'!U:U))} -> 0.48768473 | R11: {=if($C11="","",_xlfn.xlookup($C11,'Hiker Food'!$C:$C,'Hiker Food'!V:V))} -> 0.31527094 | S11: {=if($C11="","",_xlfn.xlookup($C11,'Hiker Food'!$C:$C,'Hiker Food'!W:W))} -> 0.32631579 | T11: Afternoon Snacks | U11: =if(C11="","",Y11/V11) -> 134.66012 | V11: =if($C11="","",sum(E11:E13)) -> 2.8219193 | W11: =if($C11="","",$Y11/X11) -> 4.75 | X11: =if($C11="","",sum(F11:F13)) -> 80 | Y11: =if($C11="","",sum(O11:O13)) -> 380 | Z11: =if($C11="","",(sum(J11:J13)/sum(N11:N13))) -> 3.7 | AA11: =if($C11="","",sum(G11:G13)*9/sum(sum(G11:G13)*9+sum(J11:J13)*4+sum(N11:N13)*4)) -> 0.55450237 | AB11: =if($C11="","",sum(L11:L13)*4/sum(sum(G11:G13)*9+sum(J11:J13)*4+sum(N11:N13)*4)) -> 0.19905213 | AC11: =if($C11="","",(sum(H11:H13)/sum(O11:O13))) -> 0.43947368
C12: Kind Salted Caramel Dark Chocolate Nut | D12: 1 | E12: {=if(C12="","",_xlfn.xlookup(C12,'Hiker Food'!$C:$C,'Hiker Food'!G:G)*D12)} -> 1.4109596 | F12: {=if(C12="","",_xlfn.xlookup(C12,'Hiker Food'!$C:$C,'Hiker Food'!H:H)*D12)} -> 40 | G12: {=if($C12="","",_xlfn.xlookup($C12,'Hiker Food'!$C:$C,'Hiker Food'!J:J)*$D12)} -> 15 | H12: {=if($C12="","",_xlfn.xlookup($C12,'Hiker Food'!$C:$C,'Hiker Food'!K:K)*$D12)} -> 105 | I12: {=if($C12="","",_xlfn.xlookup($C12,'Hiker Food'!$C:$C,'Hiker Food'!L:L)*$D12)} -> 200 | J12: {=if($C12="","",_xlfn.xlookup($C12,'Hiker Food'!$C:$C,'Hiker Food'!M:M)*$D12)} -> 16 | K12: {=if($C12="","",_xlfn.xlookup($C12,'Hiker Food'!$C:$C,'Hiker Food'!N:N)*$D12)} -> 7 | L12: {=if($C12="","",_xlfn.xlookup($C12,'Hiker Food'!$C:$C,'Hiker Food'!O:O)*$D12)} -> 5 | M12: {=if($C12="","",_xlfn.xlookup($C12,'Hiker Food'!$C:$C,'Hiker Food'!P:P)*$D12)} -> 4 | N12: {=if($C12="","",_xlfn.xlookup($C12,'Hiker Food'!$C:$C,'Hiker Food'!Q:Q)*$D12)} -> 5 | O12: {=if($C12="","",_xlfn.xlookup($C12,'Hiker Food'!$C:$C,'Hiker Food'!I:I)*$D12)} -> 190 | P12: {=if($C12="","",_xlfn.xlookup($C12,'Hiker Food'!$C:$C,'Hiker Food'!T:T))} -> 3.2 | Q12: {=if($C12="","",_xlfn.xlookup($C12,'Hiker Food'!$C:$C,'Hiker Food'!U:U))} -> 0.61643836 | R12: {=if($C12="","",_xlfn.xlookup($C12,'Hiker Food'!$C:$C,'Hiker Food'!V:V))} -> 0.091324201 | S12: {=if($C12="","",_xlfn.xlookup($C12,'Hiker Food'!$C:$C,'Hiker Food'!W:W))} -> 0.55263158
D13: 1 | E13: {=if(C13="","",_xlfn.xlookup(C13,'Hiker Food'!$C:$C,'Hiker Food'!G:G)*D13)} | F13: {=if(C13="","",_xlfn.xlookup(C13,'Hiker Food'!$C:$C,'Hiker Food'!H:H)*D13)} | G13: {=if($C13="","",_xlfn.xlookup($C13,'Hiker Food'!$C:$C,'Hiker Food'!J:J)*$D13)} | H13: {=if($C13="","",_xlfn.xlookup($C13,'Hiker Food'!$C:$C,'Hiker Food'!K:K)*$D13)} | I13: {=if($C13="","",_xlfn.xlookup($C13,'Hiker Food'!$C:$C,'Hiker Food'!L:L)*$D13)} | J13: {=if($C13="","",_xlfn.xlookup($C13,'Hiker Food'!$C:$C,'Hiker Food'!M:M)*$D13)} | K13: {=if($C13="","",_xlfn.xlookup($C13,'Hiker Food'!$C:$C,'Hiker Food'!N:N)*$D13)} | L13: {=if($C13="","",_xlfn.xlookup($C13,'Hiker Food'!$C:$C,'Hiker Food'!O:O)*$D13)} | M13: {=if($C13="","",_xlfn.xlookup($C13,'Hiker Food'!$C:$C,'Hiker Food'!P:P)*$D13)} | N13: {=if($C13="","",_xlfn.xlookup($C13,'Hiker Food'!$C:$C,'Hiker Food'!Q:Q)*$D13)} | O13: {=if($C13="","",_xlfn.xlookup($C13,'Hiker Food'!$C:$C,'Hiker Food'!I:I)*$D13)} | P13: {=if($C13="","",_xlfn.xlookup($C13,'Hiker Food'!$C:$C,'Hiker Food'!T:T))} | Q13: {=if($C13="","",_xlfn.xlookup($C13,'Hiker Food'!$C:$C,'Hiker Food'!U:U))} | R13: {=if($C13="","",_xlfn.xlookup($C13,'Hiker Food'!$C:$C,'Hiker Food'!V:V))} | S13: {=if($C13="","",_xlfn.xlookup($C13,'Hiker Food'!$C:$C,'Hiker Food'!W:W))}
B14: Recovery | C14: Tailwind Nutrition Chocolate Recovery | D14: 1 | E14: {=if(C14="","",_xlfn.xlookup(C14,'Hiker Food'!$C:$C,'Hiker Food'!G:G)*D14)} -> 2 | F14: {=if(C14="","",_xlfn.xlookup(C14,'Hiker Food'!$C:$C,'Hiker Food'!H:H)*D14)} -> 60 | G14: {=if($C14="","",_xlfn.xlookup($C14,'Hiker Food'!$C:$C,'Hiker Food'!J:J)*$D14)} -> 0 | H14: {=if($C14="","",_xlfn.xlookup($C14,'Hiker Food'!$C:$C,'Hiker Food'!K:K)*$D14)} -> 500 | I14: {=if($C14="","",_xlfn.xlookup($C14,'Hiker Food'!$C:$C,'Hiker Food'!L:L)*$D14)} -> 470 | J14: {=if($C14="","",_xlfn.xlookup($C14,'Hiker Food'!$C:$C,'Hiker Food'!M:M)*$D14)} -> 34 | K14: {=if($C14="","",_xlfn.xlookup($C14,'Hiker Food'!$C:$C,'Hiker Food'!N:N)*$D14)} -> 1 | L14: {=if($C14="","",_xlfn.xlookup($C14,'Hiker Food'!$C:$C,'Hiker Food'!O:O)*$D14)} -> 32 | M14: {=if($C14="","",_xlfn.xlookup($C14,'Hiker Food'!$C:$C,'Hiker Food'!P:P)*$D14)} -> 1 | N14: {=if($C14="","",_xlfn.xlookup($C14,'Hiker Food'!$C:$C,'Hiker Food'!Q:Q)*$D14)} -> 20 | O14: {=if($C14="","",_xlfn.xlookup($C14,'Hiker Food'!$C:$C,'Hiker Food'!I:I)*$D14)} -> 220 | P14: {=if($C14="","",_xlfn.xlookup($C14,'Hiker Food'!$C:$C,'Hiker Food'!T:T))} -> 1.7 | Q14: {=if($C14="","",_xlfn.xlookup($C14,'Hiker Food'!$C:$C,'Hiker Food'!U:U))} -> 0% | R14: {=if($C14="","",_xlfn.xlookup($C14,'Hiker Food'!$C:$C,'Hiker Food'!V:V))} -> 0.59259259 | S14: {=if($C14="","",_xlfn.xlookup($C14,'Hiker Food'!$C:$C,'Hiker Food'!W:W))} -> 2.2727273 | T14: Recovery | U14: =if(C14="","",Y14/V14) -> 110 | V14: =if($C14="","",sum(E14:E16)) -> 2 | W14: =if($C14="","",$Y14/X14) -> 3.6666667 | X14: =if($C14="","",sum(F14:F16)) -> 60 | Y14: =if($C14="","",sum(O14:O16)) -> 220 | Z14: =if($C14="","",(sum(J14:J16)/sum(N14:N16))) -> 1.7 | AA14: =if($C14="","",sum(G14:G16)*9/sum(sum(G14:G16)*9+sum(J14:J16)*4+sum(N14:N16)*4)) -> 0 | AB14: =if($C14="","",sum(L14:L16)*4/sum(sum(G14:G16)*9+sum(J14:J16)*4+sum(N14:N16)*4)) -> 0.59259259 | AC14: =if($C14="","",(sum(H14:H16)/sum(O14:O16))) -> 2.2727273
D15: 1 | E15: {=if(C15="","",_xlfn.xlookup(C15,'Hiker Food'!$C:$C,'Hiker Food'!G:G)*D15)} | F15: {=if(C15="","",_xlfn.xlookup(C15,'Hiker Food'!$C:$C,'Hiker Food'!H:H)*D15)} | G15: {=if($C15="","",_xlfn.xlookup($C15,'Hiker Food'!$C:$C,'Hiker Food'!J:J)*$D15)} | H15: {=if($C15="","",_xlfn.xlookup($C15,'Hiker Food'!$C:$C,'Hiker Food'!K:K)*$D15)} | I15: {=if($C15="","",_xlfn.xlookup($C15,'Hiker Food'!$C:$C,'Hiker Food'!L:L)*$D15)} | J15: {=if($C15="","",_xlfn.xlookup($C15,'Hiker Food'!$C:$C,'Hiker Food'!M:M)*$D15)} | K15: {=if($C15="","",_xlfn.xlookup($C15,'Hiker Food'!$C:$C,'Hiker Food'!N:N)*$D15)} | L15: {=if($C15="","",_xlfn.xlookup($C15,'Hiker Food'!$C:$C,'Hiker Food'!O:O)*$D15)} | M15: {=if($C15="","",_xlfn.xlookup($C15,'Hiker Food'!$C:$C,'Hiker Food'!P:P)*$D15)} | N15: {=if($C15="","",_xlfn.xlookup($C15,'Hiker Food'!$C:$C,'Hiker Food'!Q:Q)*$D15)} | O15: {=if($C15="","",_xlfn.xlookup($C15,'Hiker Food'!$C:$C,'Hiker Food'!I:I)*$D15)} | P15: {=if($C15="","",_xlfn.xlookup($C15,'Hiker Food'!$C:$C,'Hiker Food'!T:T))} | Q15: {=if($C15="","",_xlfn.xlookup($C15,'Hiker Food'!$C:$C,'Hiker Food'!U:U))} | R15: {=if($C15="","",_xlfn.xlookup($C15,'Hiker Food'!$C:$C,'Hiker Food'!V:V))} | S15: {=if($C15="","",_xlfn.xlookup($C15,'Hiker Food'!$C:$C,'Hiker Food'!W:W))}
D16: 1 | E16: {=if(C16="","",_xlfn.xlookup(C16,'Hiker Food'!$C:$C,'Hiker Food'!G:G)*D16)} | F16: {=if(C16="","",_xlfn.xlookup(C16,'Hiker Food'!$C:$C,'Hiker Food'!H:H)*D16)} | G16: {=if($C16="","",_xlfn.xlookup($C16,'Hiker Food'!$C:$C,'Hiker Food'!J:J)*$D16)} | H16: {=if($C16="","",_xlfn.xlookup($C16,'Hiker Food'!$C:$C,'Hiker Food'!K:K)*$D16)} | I16: {=if($C16="","",_xlfn.xlookup($C16,'Hiker Food'!$C:$C,'Hiker Food'!L:L)*$D16)} | J16: {=if($C16="","",_xlfn.xlookup($C16,'Hiker Food'!$C:$C,'Hiker Food'!M:M)*$D16)} | K16: {=if($C16="","",_xlfn.xlookup($C16,'Hiker Food'!$C:$C,'Hiker Food'!N:N)*$D16)} | L16: {=if($C16="","",_xlfn.xlookup($C16,'Hiker Food'!$C:$C,'Hiker Food'!O:O)*$D16)} | M16: {=if($C16="","",_xlfn.xlookup($C16,'Hiker Food'!$C:$C,'Hiker Food'!P:P)*$D16)} | N16: {=if($C16="","",_xlfn.xlookup($C16,'Hiker Food'!$C:$C,'Hiker Food'!Q:Q)*$D16)} | O16: {=if($C16="","",_xlfn.xlookup($C16,'Hiker Food'!$C:$C,'Hiker Food'!I:I)*$D16)} | P16: {=if($C16="","",_xlfn.xlookup($C16,'Hiker Food'!$C:$C,'Hiker Food'!T:T))} | Q16: {=if($C16="","",_xlfn.xlookup($C16,'Hiker Food'!$C:$C,'Hiker Food'!U:U))} | R16: {=if($C16="","",_xlfn.xlookup($C16,'Hiker Food'!$C:$C,'Hiker Food'!V:V))} | S16: {=if($C16="","",_xlfn.xlookup($C16,'Hiker Food'!$C:$C,'Hiker Food'!W:W))}
B17: Dinner | C17: Pinnacle Foods Thai Peanut Curry, Roasted Vegetables, Rice Noodles | D17: 1 | E17: {=if(C17="","",_xlfn.xlookup(C17,'Hiker Food'!$C:$C,'Hiker Food'!G:G)*D17)} -> 3.809591 | F17: {=if(C17="","",_xlfn.xlookup(C17,'Hiker Food'!$C:$C,'Hiker Food'!H:H)*D17)} -> 108 | G17: {=if($C17="","",_xlfn.xlookup($C17,'Hiker Food'!$C:$C,'Hiker Food'!J:J)*$D17)} -> 37 | H17: {=if($C17="","",_xlfn.xlookup($C17,'Hiker Food'!$C:$C,'Hiker Food'!K:K)*$D17)} -> 930 | I17: {=if($C17="","",_xlfn.xlookup($C17,'Hiker Food'!$C:$C,'Hiker Food'!L:L)*$D17)} -> 540 | J17: {=if($C17="","",_xlfn.xlookup($C17,'Hiker Food'!$C:$C,'Hiker Food'!M:M)*$D17)} -> 53 | K17: {=if($C17="","",_xlfn.xlookup($C17,'Hiker Food'!$C:$C,'Hiker Food'!N:N)*$D17)} -> 10 | L17: {=if($C17="","",_xlfn.xlookup($C17,'Hiker Food'!$C:$C,'Hiker Food'!O:O)*$D17)} -> 13 | M17: {=if($C17="","",_xlfn.xlookup($C17,'Hiker Food'!$C:$C,'Hiker Food'!P:P)*$D17)} -> 30 | N17: {=if($C17="","",_xlfn.xlookup($C17,'Hiker Food'!$C:$C,'Hiker Food'!Q:Q)*$D17)} -> 20 | O17: {=if($C17="","",_xlfn.xlookup($C17,'Hiker Food'!$C:$C,'Hiker Food'!I:I)*$D17)} -> 630 | P17: {=if($C17="","",_xlfn.xlookup($C17,'Hiker Food'!$C:$C,'Hiker Food'!T:T))} -> 2.65 | Q17: {=if($C17="","",_xlfn.xlookup($C17,'Hiker Food'!$C:$C,'Hiker Food'!U:U))} -> 0.5328 | R17: {=if($C17="","",_xlfn.xlookup($C17,'Hiker Food'!$C:$C,'Hiker Food'!V:V))} -> 0.0832 | S17: {=if($C17="","",_xlfn.xlookup($C17,'Hiker Food'!$C:$C,'Hiker Food'!W:W))} -> 1.4761905 | T17: Dinner | U17: =if(C17="","",Y17/V17) -> 165.37208 | V17: =if($C17="","",sum(E17:E19)) -> 3.809591 | W17: =if($C17="","",$Y17/X17) -> 5.8333333 | X17: =if($C17="","",sum(F17:F19)) -> 108 | Y17: =if($C17="","",sum(O17:O19)) -> 630 | Z17: =if($C17="","",(sum(J17:J19)/sum(N17:N19))) -> 2.65 | AA17: =if($C17="","",sum(G17:G19)*9/sum(sum(G17:G19)*9+sum(J17:J19)*4+sum(N17:N19)*4)) -> 0.5328 | AB17: =if($C17="","",sum(L17:L19)*4/sum(sum(G17:G19)*9+sum(J17:J19)*4+sum(N17:N19)*4)) -> 0.0832 | AC17: =if($C17="","",(sum(H17:H19)/sum(O17:O19))) -> 1.4761905
D18: 1 | E18: {=if(C18="","",_xlfn.xlookup(C18,'Hiker Food'!$C:$C,'Hiker Food'!G:G)*D18)} | F18: {=if(C18="","",_xlfn.xlookup(C18,'Hiker Food'!$C:$C,'Hiker Food'!H:H)*D18)} | G18: {=if($C18="","",_xlfn.xlookup($C18,'Hiker Food'!$C:$C,'Hiker Food'!J:J)*$D18)} | H18: {=if($C18="","",_xlfn.xlookup($C18,'Hiker Food'!$C:$C,'Hiker Food'!K:K)*$D18)} | I18: {=if($C18="","",_xlfn.xlookup($C18,'Hiker Food'!$C:$C,'Hiker Food'!L:L)*$D18)} | J18: {=if($C18="","",_xlfn.xlookup($C18,'Hiker Food'!$C:$C,'Hiker Food'!M:M)*$D18)} | K18: {=if($C18="","",_xlfn.xlookup($C18,'Hiker Food'!$C:$C,'Hiker Food'!N:N)*$D18)} | L18: {=if($C18="","",_xlfn.xlookup($C18,'Hiker Food'!$C:$C,'Hiker Food'!O:O)*$D18)} | M18: {=if($C18="","",_xlfn.xlookup($C18,'Hiker Food'!$C:$C,'Hiker Food'!P:P)*$D18)} | N18: {=if($C18="","",_xlfn.xlookup($C18,'Hiker Food'!$C:$C,'Hiker Food'!Q:Q)*$D18)} | O18: {=if($C18="","",_xlfn.xlookup($C18,'Hiker Food'!$C:$C,'Hiker Food'!I:I)*$D18)} | P18: {=if($C18="","",_xlfn.xlookup($C18,'Hiker Food'!$C:$C,'Hiker Food'!T:T))} | Q18: {=if($C18="","",_xlfn.xlookup($C18,'Hiker Food'!$C:$C,'Hiker Food'!U:U))} | R18: {=if($C18="","",_xlfn.xlookup($C18,'Hiker Food'!$C:$C,'Hiker Food'!V:V))} | S18: {=if($C18="","",_xlfn.xlookup($C18,'Hiker Food'!$C:$C,'Hiker Food'!W:W))}
D19: 1 | E19: {=if(C19="","",_xlfn.xlookup(C19,'Hiker Food'!$C:$C,'Hiker Food'!G:G)*D19)} | F19: {=if(C19="","",_xlfn.xlookup(C19,'Hiker Food'!$C:$C,'Hiker Food'!H:H)*D19)} | G19: {=if($C19="","",_xlfn.xlookup($C19,'Hiker Food'!$C:$C,'Hiker Food'!J:J)*$D19)} | H19: {=if($C19="","",_xlfn.xlookup($C19,'Hiker Food'!$C:$C,'Hiker Food'!K:K)*$D19)} | I19: {=if($C19="","",_xlfn.xlookup($C19,'Hiker Food'!$C:$C,'Hiker Food'!L:L)*$D19)} | J19: {=if($C19="","",_xlfn.xlookup($C19,'Hiker Food'!$C:$C,'Hiker Food'!M:M)*$D19)} | K19: {=if($C19="","",_xlfn.xlookup($C19,'Hiker Food'!$C:$C,'Hiker Food'!N:N)*$D19)} | L19: {=if($C19="","",_xlfn.xlookup($C19,'Hiker Food'!$C:$C,'Hiker Food'!O:O)*$D19)} | M19: {=if($C19="","",_xlfn.xlookup($C19,'Hiker Food'!$C:$C,'Hiker Food'!P:P)*$D19)} | N19: {=if($C19="","",_xlfn.xlookup($C19,'Hiker Food'!$C:$C,'Hiker Food'!Q:Q)*$D19)} | O19: {=if($C19="","",_xlfn.xlookup($C19,'Hiker Food'!$C:$C,'Hiker Food'!I:I)*$D19)} | P19: {=if($C19="","",_xlfn.xlookup($C19,'Hiker Food'!$C:$C,'Hiker Food'!T:T))} | Q19: {=if($C19="","",_xlfn.xlookup($C19,'Hiker Food'!$C:$C,'Hiker Food'!U:U))} | R19: {=if($C19="","",_xlfn.xlookup($C19,'Hiker Food'!$C:$C,'Hiker Food'!V:V))} | S19: {=if($C19="","",_xlfn.xlookup($C19,'Hiker Food'!$C:$C,'Hiker Food'!W:W))}
B20: Dessert | D20: 1 | E20: {=if(C20="","",_xlfn.xlookup(C20,'Hiker Food'!$C:$C,'Hiker Food'!G:G)*D20)} | F20: {=if(C20="","",_xlfn.xlookup(C20,'Hiker Food'!$C:$C,'Hiker Food'!H:H)*D20)} | G20: {=if($C20="","",_xlfn.xlookup($C20,'Hiker Food'!$C:$C,'Hiker Food'!J:J)*$D20)} | H20: {=if($C20="","",_xlfn.xlookup($C20,'Hiker Food'!$C:$C,'Hiker Food'!K:K)*$D20)} | I20: {=if($C20="","",_xlfn.xlookup($C20,'Hiker Food'!$C:$C,'Hiker Food'!L:L)*$D20)} | J20: {=if($C20="","",_xlfn.xlookup($C20,'Hiker Food'!$C:$C,'Hiker Food'!M:M)*$D20)} | K20: {=if($C20="","",_xlfn.xlookup($C20,'Hiker Food'!$C:$C,'Hiker Food'!N:N)*$D20)} | L20: {=if($C20="","",_xlfn.xlookup($C20,'Hiker Food'!$C:$C,'Hiker Food'!O:O)*$D20)} | M20: {=if($C20="","",_xlfn.xlookup($C20,'Hiker Food'!$C:$C,'Hiker Food'!P:P)*$D20)} | N20: {=if($C20="","",_xlfn.xlookup($C20,'Hiker Food'!$C:$C,'Hiker Food'!Q:Q)*$D20)} | O20: {=if($C20="","",_xlfn.xlookup($C20,'Hiker Food'!$C:$C,'Hiker Food'!I:I)*$D20)} | P20: {=if($C20="","",_xlfn.xlookup($C20,'Hiker Food'!$C:$C,'Hiker Food'!T:T))} | Q20: {=if($C20="","",_xlfn.xlookup($C20,'Hiker Food'!$C:$C,'Hiker Food'!U:U))} | R20: {=if($C20="","",_xlfn.xlookup($C20,'Hiker Food'!$C:$C,'Hiker Food'!V:V))} | S20: {=if($C20="","",_xlfn.xlookup($C20,'Hiker Food'!$C:$C,'Hiker Food'!W:W))} | T20: Dessert | U20: =if(C20="","",Y20/V20) | V20: =if($C20="","",sum(E20:E22)) | W20: =if($C20="","",$Y20/X20) | X20: =if($C20="","",sum(F20:F22)) | Y20: =if($C20="","",sum(O20:O22)) | Z20: =if($C20="","",(sum(J20:J22)/sum(N20:N22))) | AA20: =if($C20="","",sum(G20:G22)*9/sum(sum(G20:G22)*9+sum(J20:J22)*4+sum(N20:N22)*4)) | AB20: =if($C20="","",sum(L20:L22)*4/sum(sum(G20:G22)*9+sum(J20:J22)*4+sum(N20:N22)*4)) | AC20: =if($C20="","",(sum(H20:H22)/sum(O20:O22)))
D21: 1 | E21: {=if(C21="","",_xlfn.xlookup(C21,'Hiker Food'!$C:$C,'Hiker Food'!G:G)*D21)} | F21: {=if(C21="","",_xlfn.xlookup(C21,'Hiker Food'!$C:$C,'Hiker Food'!H:H)*D21)} | G21: {=if($C21="","",_xlfn.xlookup($C21,'Hiker Food'!$C:$C,'Hiker Food'!J:J)*$D21)} | H21: {=if($C21="","",_xlfn.xlookup($C21,'Hiker Food'!$C:$C,'Hiker Food'!K:K)*$D21)} | I21: {=if($C21="","",_xlfn.xlookup($C21,'Hiker Food'!$C:$C,'Hiker Food'!L:L)*$D21)} | J21: {=if($C21="","",_xlfn.xlookup($C21,'Hiker Food'!$C:$C,'Hiker Food'!M:M)*$D21)} | K21: {=if($C21="","",_xlfn.xlookup($C21,'Hiker Food'!$C:$C,'Hiker Food'!N:N)*$D21)} | L21: {=if($C21="","",_xlfn.xlookup($C21,'Hiker Food'!$C:$C,'Hiker Food'!O:O)*$D21)} | M21: {=if($C21="","",_xlfn.xlookup($C21,'Hiker Food'!$C:$C,'Hiker Food'!P:P)*$D21)} | N21: {=if($C21="","",_xlfn.xlookup($C21,'Hiker Food'!$C:$C,'Hiker Food'!Q:Q)*$D21)} | O21: {=if($C21="","",_xlfn.xlookup($C21,'Hiker Food'!$C:$C,'Hiker Food'!I:I)*$D21)} | P21: {=if($C21="","",_xlfn.xlookup($C21,'Hiker Food'!$C:$C,'Hiker Food'!T:T))} | Q21: {=if($C21="","",_xlfn.xlookup($C21,'Hiker Food'!$C:$C,'Hiker Food'!U:U))} | R21: {=if($C21="","",_xlfn.xlookup($C21,'Hiker Food'!$C:$C,'Hiker Food'!V:V))} | S21: {=if($C21="","",_xlfn.xlookup($C21,'Hiker Food'!$C:$C,'Hiker Food'!W:W))}
D22: 1 | E22: {=if(C22="","",_xlfn.xlookup(C22,'Hiker Food'!$C:$C,'Hiker Food'!G:G)*D22)} | F22: {=if(C22="","",_xlfn.xlookup(C22,'Hiker Food'!$C:$C,'Hiker Food'!H:H)*D22)} | G22: {=if($C22="","",_xlfn.xlookup($C22,'Hiker Food'!$C:$C,'Hiker Food'!J:J)*$D22)} | H22: {=if($C22="","",_xlfn.xlookup($C22,'Hiker Food'!$C:$C,'Hiker Food'!K:K)*$D22)} | I22: {=if($C22="","",_xlfn.xlookup($C22,'Hiker Food'!$C:$C,'Hiker Food'!L:L)*$D22)} | J22: {=if($C22="","",_xlfn.xlookup($C22,'Hiker Food'!$C:$C,'Hiker Food'!M:M)*$D22)} | K22: {=if($C22="","",_xlfn.xlookup($C22,'Hiker Food'!$C:$C,'Hiker Food'!N:N)*$D22)} | L22: {=if($C22="","",_xlfn.xlookup($C22,'Hiker Food'!$C:$C,'Hiker Food'!O:O)*$D22)} | M22: {=if($C22="","",_xlfn.xlookup($C22,'Hiker Food'!$C:$C,'Hiker Food'!P:P)*$D22)} | N22: {=if($C22="","",_xlfn.xlookup($C22,'Hiker Food'!$C:$C,'Hiker Food'!Q:Q)*$D22)} | O22: {=if($C22="","",_xlfn.xlookup($C22,'Hiker Food'!$C:$C,'Hiker Food'!I:I)*$D22)} | P22: {=if($C22="","",_xlfn.xlookup($C22,'Hiker Food'!$C:$C,'Hiker Food'!T:T))} | Q22: {=if($C22="","",_xlfn.xlookup($C22,'Hiker Food'!$C:$C,'Hiker Food'!U:U))} | R22: {=if($C22="","",_xlfn.xlookup($C22,'Hiker Food'!$C:$C,'Hiker Food'!V:V))} | S22: {=if($C22="","",_xlfn.xlookup($C22,'Hiker Food'!$C:$C,'Hiker Food'!W:W))}
B23: Total | C23: =IF(COUNTIF(C2:C22,"")=COUNTA(C2:C22), "", "zzzz - subtotal line - ignore") -> zzzz - subtotal line - ignore | E23: =if(counta($C2:$C22)=0,"",SUM(E2:E22)) -> 22.95275 | F23: =if(counta($C2:$C22)=0,"",SUM(F2:F22)) -> 654 | G23: =if(counta($C2:$C22)=0,"",SUM(G2:G22)) -> 195 | H23: =if(counta($C2:$C22)=0,"",SUM(H2:H22)) -> 3807 | I23: =if(counta($C2:$C22)=0,"",SUM(I2:I22)) -> 1390 | J23: =if(counta($C2:$C22)=0,"",SUM(J2:J22)) -> 254 | K23: =if(counta($C2:$C22)=0,"",SUM(K2:K22)) -> 32 | L23: =if(counta($C2:$C22)=0,"",SUM(L2:L22)) -> 122 | ... O23: =if(counta($C2:$C22)=0,"",SUM(O2:O22)) -> 3170 | T23: Total | V23: =if(counta($C2:$C22)=0,"",SUM(E2:E22)) -> 22.95275 | X23: =if(counta($C2:$C22)=0,"",SUM(F2:F22)) -> 654 | Y23: =if(counta($C2:$C22)=0,"",SUM(O2:O22)) -> 3170 | Z23: =if($V23="","",sum(J2:J22)/sum(N2:N22)) -> 2.1896552 | AA23: =if($V23="","",sum(G2:G22)*9/sum(sum(G2:G22)*9+sum(J2:J22)*4+sum(N2:N22)*4)) -> 0.54250386 | AB23: =if($V23="","",sum(L2:L22)*4/sum(sum(G2:G22)*9+sum(J2:J22)*4+sum(N2:N22)*4)) -> 0.15085008 | AC23: =if($V23="","",sum(H2:H22)/sum(O2:O22)) -> 1.2009464
A24: 2 | B24: Breakfast | D24: 1 | E24: {=if(C24="","",_xlfn.xlookup(C24,'Hiker Food'!$C:$C,'Hiker Food'!G:G)*D24)} | F24: {=if(C24="","",_xlfn.xlookup(C24,'Hiker Food'!$C:$C,'Hiker Food'!H:H)*D24)} | G24: {=if($C24="","",_xlfn.xlookup($C24,'Hiker Food'!$C:$C,'Hiker Food'!J:J)*$D24)} | H24: {=if($C24="","",_xlfn.xlookup($C24,'Hiker Food'!$C:$C,'Hiker Food'!K:K)*$D24)} | I24: {=if($C24="","",_xlfn.xlookup($C24,'Hiker Food'!$C:$C,'Hiker Food'!L:L)*$D24)} | J24: {=if($C24="","",_xlfn.xlookup($C24,'Hiker Food'!$C:$C,'Hiker Food'!M:M)*$D24)} | K24: {=if($C24="","",_xlfn.xlookup($C24,'Hiker Food'!$C:$C,'Hiker Food'!N:N)*$D24)} | L24: {=if($C24="","",_xlfn.xlookup($C24,'Hiker Food'!$C:$C,'Hiker Food'!O:O)*$D24)} | M24: {=if($C24="","",_xlfn.xlookup($C24,'Hiker Food'!$C:$C,'Hiker Food'!P:P)*$D24)} | N24: {=if($C24="","",_xlfn.xlookup($C24,'Hiker Food'!$C:$C,'Hiker Food'!Q:Q)*$D24)} | O24: {=if($C24="","",_xlfn.xlookup($C24,'Hiker Food'!$C:$C,'Hiker Food'!I:I)*$D24)} | P24: {=if($C24="","",_xlfn.xlookup($C24,'Hiker Food'!$C:$C,'Hiker Food'!T:T))} | Q24: {=if($C24="","",_xlfn.xlookup($C24,'Hiker Food'!$C:$C,'Hiker Food'!U:U))} | R24: {=if($C24="","",_xlfn.xlookup($C24,'Hiker Food'!$C:$C,'Hiker Food'!V:V))} | S24: {=if($C24="","",_xlfn.xlookup($C24,'Hiker Food'!$C:$C,'Hiker Food'!W:W))} | T24: Breakfast | U24: =if($C24="","",$Y24/V24) | V24: =if($C24="","",sum(E24:E26)) | W24: =if($C24="","",$Y24/X24) | X24: =if($C24="","",sum(F24:F26)) | Y24: =if($C24="","",sum(O24:O26)) | Z24: =if($C24="","",(sum(J24:J26)/sum(N24:N26))) | AA24: =if($C24="","",sum(G24:G26)*9/sum(sum(G24:G26)*9+sum(J24:J26)*4+sum(N24:N26)*4)) | AB24: =if($C24="","",sum(L24:L26)*4/sum(sum(G24:G26)*9+sum(J24:J26)*4+sum(N24:N26)*4)) | AC24: =if($C24="","",(sum(H24:H26)/sum(O24:O26)))
D25: 1 | E25: {=if(C25="","",_xlfn.xlookup(C25,'Hiker Food'!$C:$C,'Hiker Food'!G:G)*D25)} | F25: {=if(C25="","",_xlfn.xlookup(C25,'Hiker Food'!$C:$C,'Hiker Food'!H:H)*D25)} | G25: {=if($C25="","",_xlfn.xlookup($C25,'Hiker Food'!$C:$C,'Hiker Food'!J:J)*$D25)} | H25: {=if($C25="","",_xlfn.xlookup($C25,'Hiker Food'!$C:$C,'Hiker Food'!K:K)*$D25)} | I25: {=if($C25="","",_xlfn.xlookup($C25,'Hiker Food'!$C:$C,'Hiker Food'!L:L)*$D25)} | J25: {=if($C25="","",_xlfn.xlookup($C25,'Hiker Food'!$C:$C,'Hiker Food'!M:M)*$D25)} | K25: {=if($C25="","",_xlfn.xlookup($C25,'Hiker Food'!$C:$C,'Hiker Food'!N:N)*$D25)} | L25: {=if($C25="","",_xlfn.xlookup($C25,'Hiker Food'!$C:$C,'Hiker Food'!O:O)*$D25)} | M25: {=if($C25="","",_xlfn.xlookup($C25,'Hiker Food'!$C:$C,'Hiker Food'!P:P)*$D25)} | N25: {=if($C25="","",_xlfn.xlookup($C25,'Hiker Food'!$C:$C,'Hiker Food'!Q:Q)*$D25)} | O25: {=if($C25="","",_xlfn.xlookup($C25,'Hiker Food'!$C:$C,'Hiker Food'!I:I)*$D25)} | P25: {=if($C25="","",_xlfn.xlookup($C25,'Hiker Food'!$C:$C,'Hiker Food'!T:T))} | Q25: {=if($C25="","",_xlfn.xlookup($C25,'Hiker Food'!$C:$C,'Hiker Food'!U:U))} | R25: {=if($C25="","",_xlfn.xlookup($C25,'Hiker Food'!$C:$C,'Hiker Food'!V:V))} | S25: {=if($C25="","",_xlfn.xlookup($C25,'Hiker Food'!$C:$C,'Hiker Food'!W:W))}
D26: 1 | E26: {=if(C26="","",_xlfn.xlookup(C26,'Hiker Food'!$C:$C,'Hiker Food'!G:G)*D26)} | F26: {=if(C26="","",_xlfn.xlookup(C26,'Hiker Food'!$C:$C,'Hiker Food'!H:H)*D26)} | G26: {=if($C26="","",_xlfn.xlookup($C26,'Hiker Food'!$C:$C,'Hiker Food'!J:J)*$D26)} | H26: {=if($C26="","",_xlfn.xlookup($C26,'Hiker Food'!$C:$C,'Hiker Food'!K:K)*$D26)} | I26: {=if($C26="","",_xlfn.xlookup($C26,'Hiker Food'!$C:$C,'Hiker Food'!L:L)*$D26)} | J26: {=if($C26="","",_xlfn.xlookup($C26,'Hiker Food'!$C:$C,'Hiker Food'!M:M)*$D26)} | K26: {=if($C26="","",_xlfn.xlookup($C26,'Hiker Food'!$C:$C,'Hiker Food'!N:N)*$D26)} | L26: {=if($C26="","",_xlfn.xlookup($C26,'Hiker Food'!$C:$C,'Hiker Food'!O:O)*$D26)} | M26: {=if($C26="","",_xlfn.xlookup($C26,'Hiker Food'!$C:$C,'Hiker Food'!P:P)*$D26)} | N26: {=if($C26="","",_xlfn.xlookup($C26,'Hiker Food'!$C:$C,'Hiker Food'!Q:Q)*$D26)} | O26: {=if($C26="","",_xlfn.xlookup($C26,'Hiker Food'!$C:$C,'Hiker Food'!I:I)*$D26)} | P26: {=if($C26="","",_xlfn.xlookup($C26,'Hiker Food'!$C:$C,'Hiker Food'!T:T))} | Q26: {=if($C26="","",_xlfn.xlookup($C26,'Hiker Food'!$C:$C,'Hiker Food'!U:U))} | R26: {=if($C26="","",_xlfn.xlookup($C26,'Hiker Food'!$C:$C,'Hiker Food'!V:V))} | S26: {=if($C26="","",_xlfn.xlookup($C26,'Hiker Food'!$C:$C,'Hiker Food'!W:W))}
B27: Morning Snacks | D27: 2 | E27: {=if(C27="","",_xlfn.xlookup(C27,'Hiker Food'!$C:$C,'Hiker Food'!G:G)*D27)} | F27: {=if(C27="","",_xlfn.xlookup(C27,'Hiker Food'!$C:$C,'Hiker Food'!H:H)*D27)} | G27: {=if($C27="","",_xlfn.xlookup($C27,'Hiker Food'!$C:$C,'Hiker Food'!J:J)*$D27)} | H27: {=if($C27="","",_xlfn.xlookup($C27,'Hiker Food'!$C:$C,'Hiker Food'!K:K)*$D27)} | I27: {=if($C27="","",_xlfn.xlookup($C27,'Hiker Food'!$C:$C,'Hiker Food'!L:L)*$D27)} | J27: {=if($C27="","",_xlfn.xlookup($C27,'Hiker Food'!$C:$C,'Hiker Food'!M:M)*$D27)} | K27: {=if($C27="","",_xlfn.xlookup($C27,'Hiker Food'!$C:$C,'Hiker Food'!N:N)*$D27)} | L27: {=if($C27="","",_xlfn.xlookup($C27,'Hiker Food'!$C:$C,'Hiker Food'!O:O)*$D27)} | M27: {=if($C27="","",_xlfn.xlookup($C27,'Hiker Food'!$C:$C,'Hiker Food'!P:P)*$D27)} | N27: {=if($C27="","",_xlfn.xlookup($C27,'Hiker Food'!$C:$C,'Hiker Food'!Q:Q)*$D27)} | O27: {=if($C27="","",_xlfn.xlookup($C27,'Hiker Food'!$C:$C,'Hiker Food'!I:I)*$D27)} | P27: {=if($C27="","",_xlfn.xlookup($C27,'Hiker Food'!$C:$C,'Hiker Food'!T:T))} | Q27: {=if($C27="","",_xlfn.xlookup($C27,'Hiker Food'!$C:$C,'Hiker Food'!U:U))} | R27: {=if($C27="","",_xlfn.xlookup($C27,'Hiker Food'!$C:$C,'Hiker Food'!V:V))} | S27: {=if($C27="","",_xlfn.xlookup($C27,'Hiker Food'!$C:$C,'Hiker Food'!W:W))} | T27: Morning Snacks | U27: =if(C27="","",Y27/V27) | V27: =if($C27="","",sum(E27:E29)) | W27: =if($C27="","",$Y27/X27) | X27: =if($C27="","",sum(F27:F29)) | Y27: =if($C27="","",sum(O27:O29)) | Z27: =if($C27="","",(sum(J27:J29)/sum(N27:N29))) | AA27: =if($C27="","",sum(G27:G29)*9/sum(sum(G27:G29)*9+sum(J27:J29)*4+sum(N27:N29)*4)) | AB27: =if($C27="","",sum(L27:L29)*4/sum(sum(G27:G29)*9+sum(J27:J29)*4+sum(N27:N29)*4)) | AC27: =if($C27="","",(sum(H27:H29)/sum(O27:O29)))
D28: 2 | E28: {=if(C28="","",_xlfn.xlookup(C28,'Hiker Food'!$C:$C,'Hiker Food'!G:G)*D28)} | F28: {=if(C28="","",_xlfn.xlookup(C28,'Hiker Food'!$C:$C,'Hiker Food'!H:H)*D28)} | G28: {=if($C28="","",_xlfn.xlookup($C28,'Hiker Food'!$C:$C,'Hiker Food'!J:J)*$D28)} | H28: {=if($C28="","",_xlfn.xlookup($C28,'Hiker Food'!$C:$C,'Hiker Food'!K:K)*$D28)} | I28: {=if($C28="","",_xlfn.xlookup($C28,'Hiker Food'!$C:$C,'Hiker Food'!L:L)*$D28)} | J28: {=if($C28="","",_xlfn.xlookup($C28,'Hiker Food'!$C:$C,'Hiker Food'!M:M)*$D28)} | K28: {=if($C28="","",_xlfn.xlookup($C28,'Hiker Food'!$C:$C,'Hiker Food'!N:N)*$D28)} | L28: {=if($C28="","",_xlfn.xlookup($C28,'Hiker Food'!$C:$C,'Hiker Food'!O:O)*$D28)} | M28: {=if($C28="","",_xlfn.xlookup($C28,'Hiker Food'!$C:$C,'Hiker Food'!P:P)*$D28)} | N28: {=if($C28="","",_xlfn.xlookup($C28,'Hiker Food'!$C:$C,'Hiker Food'!Q:Q)*$D28)} | O28: {=if($C28="","",_xlfn.xlookup($C28,'Hiker Food'!$C:$C,'Hiker Food'!I:I)*$D28)} | P28: {=if($C28="","",_xlfn.xlookup($C28,'Hiker Food'!$C:$C,'Hiker Food'!T:T))} | Q28: {=if($C28="","",_xlfn.xlookup($C28,'Hiker Food'!$C:$C,'Hiker Food'!U:U))} | R28: {=if($C28="","",_xlfn.xlookup($C28,'Hiker Food'!$C:$C,'Hiker Food'!V:V))} | S28: {=if($C28="","",_xlfn.xlookup($C28,'Hiker Food'!$C:$C,'Hiker Food'!W:W))}
D29: 1 | E29: {=if(C29="","",_xlfn.xlookup(C29,'Hiker Food'!$C:$C,'Hiker Food'!G:G)*D29)} | F29: {=if(C29="","",_xlfn.xlookup(C29,'Hiker Food'!$C:$C,'Hiker Food'!H:H)*D29)} | G29: {=if($C29="","",_xlfn.xlookup($C29,'Hiker Food'!$C:$C,'Hiker Food'!J:J)*$D29)} | H29: {=if($C29="","",_xlfn.xlookup($C29,'Hiker Food'!$C:$C,'Hiker Food'!K:K)*$D29)} | I29: {=if($C29="","",_xlfn.xlookup($C29,'Hiker Food'!$C:$C,'Hiker Food'!L:L)*$D29)} | J29: {=if($C29="","",_xlfn.xlookup($C29,'Hiker Food'!$C:$C,'Hiker Food'!M:M)*$D29)} | K29: {=if($C29="","",_xlfn.xlookup($C29,'Hiker Food'!$C:$C,'Hiker Food'!N:N)*$D29)} | L29: {=if($C29="","",_xlfn.xlookup($C29,'Hiker Food'!$C:$C,'Hiker Food'!O:O)*$D29)} | M29: {=if($C29="","",_xlfn.xlookup($C29,'Hiker Food'!$C:$C,'Hiker Food'!P:P)*$D29)} | N29: {=if($C29="","",_xlfn.xlookup($C29,'Hiker Food'!$C:$C,'Hiker Food'!Q:Q)*$D29)} | O29: {=if($C29="","",_xlfn.xlookup($C29,'Hiker Food'!$C:$C,'Hiker Food'!I:I)*$D29)} | P29: {=if($C29="","",_xlfn.xlookup($C29,'Hiker Food'!$C:$C,'Hiker Food'!T:T))} | Q29: {=if($C29="","",_xlfn.xlookup($C29,'Hiker Food'!$C:$C,'Hiker Food'!U:U))} | R29: {=if($C29="","",_xlfn.xlookup($C29,'Hiker Food'!$C:$C,'Hiker Food'!V:V))} | S29: {=if($C29="","",_xlfn.xlookup($C29,'Hiker Food'!$C:$C,'Hiker Food'!W:W))}
B30: Lunch | D30: 3 | E30: {=if(C30="","",_xlfn.xlookup(C30,'Hiker Food'!$C:$C,'Hiker Food'!G:G)*D30)} | F30: {=if(C30="","",_xlfn.xlookup(C30,'Hiker Food'!$C:$C,'Hiker Food'!H:H)*D30)} | G30: {=if($C30="","",_xlfn.xlookup($C30,'Hiker Food'!$C:$C,'Hiker Food'!J:J)*$D30)} | H30: {=if($C30="","",_xlfn.xlookup($C30,'Hiker Food'!$C:$C,'Hiker Food'!K:K)*$D30)} | I30: {=if($C30="","",_xlfn.xlookup($C30,'Hiker Food'!$C:$C,'Hiker Food'!L:L)*$D30)} | J30: {=if($C30="","",_xlfn.xlookup($C30,'Hiker Food'!$C:$C,'Hiker Food'!M:M)*$D30)} | K30: {=if($C30="","",_xlfn.xlookup($C30,'Hiker Food'!$C:$C,'Hiker Food'!N:N)*$D30)} | L30: {=if($C30="","",_xlfn.xlookup($C30,'Hiker Food'!$C:$C,'Hiker Food'!O:O)*$D30)} | M30: {=if($C30="","",_xlfn.xlookup($C30,'Hiker Food'!$C:$C,'Hiker Food'!P:P)*$D30)} | N30: {=if($C30="","",_xlfn.xlookup($C30,'Hiker Food'!$C:$C,'Hiker Food'!Q:Q)*$D30)} | O30: {=if($C30="","",_xlfn.xlookup($C30,'Hiker Food'!$C:$C,'Hiker Food'!I:I)*$D30)} | P30: {=if($C30="","",_xlfn.xlookup($C30,'Hiker Food'!$C:$C,'Hiker Food'!T:T))} | Q30: {=if($C30="","",_xlfn.xlookup($C30,'Hiker Food'!$C:$C,'Hiker Food'!U:U))} | R30: {=if($C30="","",_xlfn.xlookup($C30,'Hiker Food'!$C:$C,'Hiker Food'!V:V))} | S30: {=if($C30="","",_xlfn.xlookup($C30,'Hiker Food'!$C:$C,'Hiker Food'!W:W))} | T30: Lunch | U30: =if(C30="","",Y30/V30) | V30: =if($C30="","",sum(E30:E32)) | W30: =if($C30="","",$Y30/X30) | X30: =if($C30="","",sum(F30:F32)) | Y30: =if($C30="","",sum(O30:O32)) | Z30: =if($C30="","",(sum(J30:J32)/sum(N30:N32))) | AA30: =if($C30="","",sum(G30:G32)*9/sum(sum(G30:G32)*9+sum(J30:J32)*4+sum(N30:N32)*4)) | AB30: =if($C30="","",sum(L30:L32)*4/sum(sum(G30:G32)*9+sum(J30:J32)*4+sum(N30:N32)*4)) | AC30: =if($C30="","",(sum(H30:H32)/sum(O30:O32)))
D31: 3 | E31: {=if(C31="","",_xlfn.xlookup(C31,'Hiker Food'!$C:$C,'Hiker Food'!G:G)*D31)} | F31: {=if(C31="","",_xlfn.xlookup(C31,'Hiker Food'!$C:$C,'Hiker Food'!H:H)*D31)} | G31: {=if($C31="","",_xlfn.xlookup($C31,'Hiker Food'!$C:$C,'Hiker Food'!J:J)*$D31)} | H31: {=if($C31="","",_xlfn.xlookup($C31,'Hiker Food'!$C:$C,'Hiker Food'!K:K)*$D31)} | I31: {=if($C31="","",_xlfn.xlookup($C31,'Hiker Food'!$C:$C,'Hiker Food'!L:L)*$D31)} | J31: {=if($C31="","",_xlfn.xlookup($C31,'Hiker Food'!$C:$C,'Hiker Food'!M:M)*$D31)} | K31: {=if($C31="","",_xlfn.xlookup($C31,'Hiker Food'!$C:$C,'Hiker Food'!N:N)*$D31)} | L31: {=if($C31="","",_xlfn.xlookup($C31,'Hiker Food'!$C:$C,'Hiker Food'!O:O)*$D31)} | M31: {=if($C31="","",_xlfn.xlookup($C31,'Hiker Food'!$C:$C,'Hiker Food'!P:P)*$D31)} | N31: {=if($C31="","",_xlfn.xlookup($C31,'Hiker Food'!$C:$C,'Hiker Food'!Q:Q)*$D31)} | O31: {=if($C31="","",_xlfn.xlookup($C31,'Hiker Food'!$C:$C,'Hiker Food'!I:I)*$D31)} | P31: {=if($C31="","",_xlfn.xlookup($C31,'Hiker Food'!$C:$C,'Hiker Food'!T:T))} | Q31: {=if($C31="","",_xlfn.xlookup($C31,'Hiker Food'!$C:$C,'Hiker Food'!U:U))} | R31: {=if($C31="","",_xlfn.xlookup($C31,'Hiker Food'!$C:$C,'Hiker Food'!V:V))} | S31: {=if($C31="","",_xlfn.xlookup($C31,'Hiker Food'!$C:$C,'Hiker Food'!W:W))}
D32: 1 | E32: {=if(C32="","",_xlfn.xlookup(C32,'Hiker Food'!$C:$C,'Hiker Food'!G:G)*D32)} | F32: {=if(C32="","",_xlfn.xlookup(C32,'Hiker Food'!$C:$C,'Hiker Food'!H:H)*D32)} | G32: {=if($C32="","",_xlfn.xlookup($C32,'Hiker Food'!$C:$C,'Hiker Food'!J:J)*$D32)} | H32: {=if($C32="","",_xlfn.xlookup($C32,'Hiker Food'!$C:$C,'Hiker Food'!K:K)*$D32)} | I32: {=if($C32="","",_xlfn.xlookup($C32,'Hiker Food'!$C:$C,'Hiker Food'!L:L)*$D32)} | J32: {=if($C32="","",_xlfn.xlookup($C32,'Hiker Food'!$C:$C,'Hiker Food'!M:M)*$D32)} | K32: {=if($C32="","",_xlfn.xlookup($C32,'Hiker Food'!$C:$C,'Hiker Food'!N:N)*$D32)} | L32: {=if($C32="","",_xlfn.xlookup($C32,'Hiker Food'!$C:$C,'Hiker Food'!O:O)*$D32)} | M32: {=if($C32="","",_xlfn.xlookup($C32,'Hiker Food'!$C:$C,'Hiker Food'!P:P)*$D32)} | N32: {=if($C32="","",_xlfn.xlookup($C32,'Hiker Food'!$C:$C,'Hiker Food'!Q:Q)*$D32)} | O32: {=if($C32="","",_xlfn.xlookup($C32,'Hiker Food'!$C:$C,'Hiker Food'!I:I)*$D32)} | P32: {=if($C32="","",_xlfn.xlookup($C32,'Hiker Food'!$C:$C,'Hiker Food'!T:T))} | Q32: {=if($C32="","",_xlfn.xlookup($C32,'Hiker Food'!$C:$C,'Hiker Food'!U:U))} | R32: {=if($C32="","",_xlfn.xlookup($C32,'Hiker Food'!$C:$C,'Hiker Food'!V:V))} | S32: {=if($C32="","",_xlfn.xlookup($C32,'Hiker Food'!$C:$C,'Hiker Food'!W:W))}
B33: Afternoon Snacks | D33: 1 | E33: {=if(C33="","",_xlfn.xlookup(C33,'Hiker Food'!$C:$C,'Hiker Food'!G:G)*D33)} | F33: {=if(C33="","",_xlfn.xlookup(C33,'Hiker Food'!$C:$C,'Hiker Food'!H:H)*D33)} | G33: {=if($C33="","",_xlfn.xlookup($C33,'Hiker Food'!$C:$C,'Hiker Food'!J:J)*$D33)} | H33: {=if($C33="","",_xlfn.xlookup($C33,'Hiker Food'!$C:$C,'Hiker Food'!K:K)*$D33)} | I33: {=if($C33="","",_xlfn.xlookup($C33,'Hiker Food'!$C:$C,'Hiker Food'!L:L)*$D33)} | J33: {=if($C33="","",_xlfn.xlookup($C33,'Hiker Food'!$C:$C,'Hiker Food'!M:M)*$D33)} | K33: {=if($C33="","",_xlfn.xlookup($C33,'Hiker Food'!$C:$C,'Hiker Food'!N:N)*$D33)} | L33: {=if($C33="","",_xlfn.xlookup($C33,'Hiker Food'!$C:$C,'Hiker Food'!O:O)*$D33)} | M33: {=if($C33="","",_xlfn.xlookup($C33,'Hiker Food'!$C:$C,'Hiker Food'!P:P)*$D33)} | N33: {=if($C33="","",_xlfn.xlookup($C33,'Hiker Food'!$C:$C,'Hiker Food'!Q:Q)*$D33)} | O33: {=if($C33="","",_xlfn.xlookup($C33,'Hiker Food'!$C:$C,'Hiker Food'!I:I)*$D33)} | P33: {=if($C33="","",_xlfn.xlookup($C33,'Hiker Food'!$C:$C,'Hiker Food'!T:T))} | Q33: {=if($C33="","",_xlfn.xlookup($C33,'Hiker Food'!$C:$C,'Hiker Food'!U:U))} | R33: {=if($C33="","",_xlfn.xlookup($C33,'Hiker Food'!$C:$C,'Hiker Food'!V:V))} | S33: {=if($C33="","",_xlfn.xlookup($C33,'Hiker Food'!$C:$C,'Hiker Food'!W:W))} | T33: Afternoon Snacks | U33: =if(C33="","",Y33/V33) | V33: =if($C33="","",sum(E33:E35)) | W33: =if($C33="","",$Y33/X33) | X33: =if($C33="","",sum(F33:F35)) | Y33: =if($C33="","",sum(O33:O35)) | Z33: =if($C33="","",(sum(J33:J35)/sum(N33:N35))) | AA33: =if($C33="","",sum(G33:G35)*9/sum(sum(G33:G35)*9+sum(J33:J35)*4+sum(N33:N35)*4)) | AB33: =if($C33="","",sum(L33:L35)*4/sum(sum(G33:G35)*9+sum(J33:J35)*4+sum(N33:N35)*4)) | AC33: =if($C33="","",(sum(H33:H35)/sum(O33:O35)))
D34: 1 | E34: {=if(C34="","",_xlfn.xlookup(C34,'Hiker Food'!$C:$C,'Hiker Food'!G:G)*D34)} | F34: {=if(C34="","",_xlfn.xlookup(C34,'Hiker Food'!$C:$C,'Hiker Food'!H:H)*D34)} | G34: {=if($C34="","",_xlfn.xlookup($C34,'Hiker Food'!$C:$C,'Hiker Food'!J:J)*$D34)} | H34: {=if($C34="","",_xlfn.xlookup($C34,'Hiker Food'!$C:$C,'Hiker Food'!K:K)*$D34)} | I34: {=if($C34="","",_xlfn.xlookup($C34,'Hiker Food'!$C:$C,'Hiker Food'!L:L)*$D34)} | J34: {=if($C34="","",_xlfn.xlookup($C34,'Hiker Food'!$C:$C,'Hiker Food'!M:M)*$D34)} | K34: {=if($C34="","",_xlfn.xlookup($C34,'Hiker Food'!$C:$C,'Hiker Food'!N:N)*$D34)} | L34: {=if($C34="","",_xlfn.xlookup($C34,'Hiker Food'!$C:$C,'Hiker Food'!O:O)*$D34)} | M34: {=if($C34="","",_xlfn.xlookup($C34,'Hiker Food'!$C:$C,'Hiker Food'!P:P)*$D34)} | N34: {=if($C34="","",_xlfn.xlookup($C34,'Hiker Food'!$C:$C,'Hiker Food'!Q:Q)*$D34)} | O34: {=if($C34="","",_xlfn.xlookup($C34,'Hiker Food'!$C:$C,'Hiker Food'!I:I)*$D34)} | P34: {=if($C34="","",_xlfn.xlookup($C34,'Hiker Food'!$C:$C,'Hiker Food'!T:T))} | Q34: {=if($C34="","",_xlfn.xlookup($C34,'Hiker Food'!$C:$C,'Hiker Food'!U:U))} | R34: {=if($C34="","",_xlfn.xlookup($C34,'Hiker Food'!$C:$C,'Hiker Food'!V:V))} | S34: {=if($C34="","",_xlfn.xlookup($C34,'Hiker Food'!$C:$C,'Hiker Food'!W:W))}
D35: 1 | E35: {=if(C35="","",_xlfn.xlookup(C35,'Hiker Food'!$C:$C,'Hiker Food'!G:G)*D35)} | F35: {=if(C35="","",_xlfn.xlookup(C35,'Hiker Food'!$C:$C,'Hiker Food'!H:H)*D35)} | G35: {=if($C35="","",_xlfn.xlookup($C35,'Hiker Food'!$C:$C,'Hiker Food'!J:J)*$D35)} | H35: {=if($C35="","",_xlfn.xlookup($C35,'Hiker Food'!$C:$C,'Hiker Food'!K:K)*$D35)} | I35: {=if($C35="","",_xlfn.xlookup($C35,'Hiker Food'!$C:$C,'Hiker Food'!L:L)*$D35)} | J35: {=if($C35="","",_xlfn.xlookup($C35,'Hiker Food'!$C:$C,'Hiker Food'!M:M)*$D35)} | K35: {=if($C35="","",_xlfn.xlookup($C35,'Hiker Food'!$C:$C,'Hiker Food'!N:N)*$D35)} | L35: {=if($C35="","",_xlfn.xlookup($C35,'Hiker Food'!$C:$C,'Hiker Food'!O:O)*$D35)} | M35: {=if($C35="","",_xlfn.xlookup($C35,'Hiker Food'!$C:$C,'Hiker Food'!P:P)*$D35)} | N35: {=if($C35="","",_xlfn.xlookup($C35,'Hiker Food'!$C:$C,'Hiker Food'!Q:Q)*$D35)} | O35: {=if($C35="","",_xlfn.xlookup($C35,'Hiker Food'!$C:$C,'Hiker Food'!I:I)*$D35)} | P35: {=if($C35="","",_xlfn.xlookup($C35,'Hiker Food'!$C:$C,'Hiker Food'!T:T))} | Q35: {=if($C35="","",_xlfn.xlookup($C35,'Hiker Food'!$C:$C,'Hiker Food'!U:U))} | R35: {=if($C35="","",_xlfn.xlookup($C35,'Hiker Food'!$C:$C,'Hiker Food'!V:V))} | S35: {=if($C35="","",_xlfn.xlookup($C35,'Hiker Food'!$C:$C,'Hiker Food'!W:W))}
B36: Recovery | D36: 1 | E36: {=if(C36="","",_xlfn.xlookup(C36,'Hiker Food'!$C:$C,'Hiker Food'!G:G)*D36)} | F36: {=if(C36="","",_xlfn.xlookup(C36,'Hiker Food'!$C:$C,'Hiker Food'!H:H)*D36)} | G36: {=if($C36="","",_xlfn.xlookup($C36,'Hiker Food'!$C:$C,'Hiker Food'!J:J)*$D36)} | H36: {=if($C36="","",_xlfn.xlookup($C36,'Hiker Food'!$C:$C,'Hiker Food'!K:K)*$D36)} | I36: {=if($C36="","",_xlfn.xlookup($C36,'Hiker Food'!$C:$C,'Hiker Food'!L:L)*$D36)} | J36: {=if($C36="","",_xlfn.xlookup($C36,'Hiker Food'!$C:$C,'Hiker Food'!M:M)*$D36)} | K36: {=if($C36="","",_xlfn.xlookup($C36,'Hiker Food'!$C:$C,'Hiker Food'!N:N)*$D36)} | L36: {=if($C36="","",_xlfn.xlookup($C36,'Hiker Food'!$C:$C,'Hiker Food'!O:O)*$D36)} | M36: {=if($C36="","",_xlfn.xlookup($C36,'Hiker Food'!$C:$C,'Hiker Food'!P:P)*$D36)} | N36: {=if($C36="","",_xlfn.xlookup($C36,'Hiker Food'!$C:$C,'Hiker Food'!Q:Q)*$D36)} | O36: {=if($C36="","",_xlfn.xlookup($C36,'Hiker Food'!$C:$C,'Hiker Food'!I:I)*$D36)} | P36: {=if($C36="","",_xlfn.xlookup($C36,'Hiker Food'!$C:$C,'Hiker Food'!T:T))} | Q36: {=if($C36="","",_xlfn.xlookup($C36,'Hiker Food'!$C:$C,'Hiker Food'!U:U))} | R36: {=if($C36="","",_xlfn.xlookup($C36,'Hiker Food'!$C:$C,'Hiker Food'!V:V))} | S36: {=if($C36="","",_xlfn.xlookup($C36,'Hiker Food'!$C:$C,'Hiker Food'!W:W))} | T36: Recovery | U36: =if(C36="","",Y36/V36) | V36: =if($C36="","",sum(E36:E38)) | W36: =if($C36="","",$Y36/X36) | X36: =if($C36="","",sum(F36:F38)) | Y36: =if($C36="","",sum(O36:O38)) | Z36: =if($C36="","",(sum(J36:J38)/sum(N36:N38))) | AA36: =if($C36="","",sum(G36:G38)*9/sum(sum(G36:G38)*9+sum(J36:J38)*4+sum(N36:N38)*4)) | AB36: =if($C36="","",sum(L36:L38)*4/sum(sum(G36:G38)*9+sum(J36:J38)*4+sum(N36:N38)*4)) | AC36: =if($C36="","",(sum(H36:H38)/sum(O36:O38)))
D37: 1 | E37: {=if(C37="","",_xlfn.xlookup(C37,'Hiker Food'!$C:$C,'Hiker Food'!G:G)*D37)} | F37: {=if(C37="","",_xlfn.xlookup(C37,'Hiker Food'!$C:$C,'Hiker Food'!H:H)*D37)} | G37: {=if($C37="","",_xlfn.xlookup($C37,'Hiker Food'!$C:$C,'Hiker Food'!J:J)*$D37)} | H37: {=if($C37="","",_xlfn.xlookup($C37,'Hiker Food'!$C:$C,'Hiker Food'!K:K)*$D37)} | I37: {=if($C37="","",_xlfn.xlookup($C37,'Hiker Food'!$C:$C,'Hiker Food'!L:L)*$D37)} | J37: {=if($C37="","",_xlfn.xlookup($C37,'Hiker Food'!$C:$C,'Hiker Food'!M:M)*$D37)} | K37: {=if($C37="","",_xlfn.xlookup($C37,'Hiker Food'!$C:$C,'Hiker Food'!N:N)*$D37)} | L37: {=if($C37="","",_xlfn.xlookup($C37,'Hiker Food'!$C:$C,'Hiker Food'!O:O)*$D37)} | M37: {=if($C37="","",_xlfn.xlookup($C37,'Hiker Food'!$C:$C,'Hiker Food'!P:P)*$D37)} | N37: {=if($C37="","",_xlfn.xlookup($C37,'Hiker Food'!$C:$C,'Hiker Food'!Q:Q)*$D37)} | O37: {=if($C37="","",_xlfn.xlookup($C37,'Hiker Food'!$C:$C,'Hiker Food'!I:I)*$D37)} | P37: {=if($C37="","",_xlfn.xlookup($C37,'Hiker Food'!$C:$C,'Hiker Food'!T:T))} | Q37: {=if($C37="","",_xlfn.xlookup($C37,'Hiker Food'!$C:$C,'Hiker Food'!U:U))} | R37: {=if($C37="","",_xlfn.xlookup($C37,'Hiker Food'!$C:$C,'Hiker Food'!V:V))} | S37: {=if($C37="","",_xlfn.xlookup($C37,'Hiker Food'!$C:$C,'Hiker Food'!W:W))}
D38: 1 | E38: {=if(C38="","",_xlfn.xlookup(C38,'Hiker Food'!$C:$C,'Hiker Food'!G:G)*D38)} | F38: {=if(C38="","",_xlfn.xlookup(C38,'Hiker Food'!$C:$C,'Hiker Food'!H:H)*D38)} | G38: {=if($C38="","",_xlfn.xlookup($C38,'Hiker Food'!$C:$C,'Hiker Food'!J:J)*$D38)} | H38: {=if($C38="","",_xlfn.xlookup($C38,'Hiker Food'!$C:$C,'Hiker Food'!K:K)*$D38)} | I38: {=if($C38="","",_xlfn.xlookup($C38,'Hiker Food'!$C:$C,'Hiker Food'!L:L)*$D38)} | J38: {=if($C38="","",_xlfn.xlookup($C38,'Hiker Food'!$C:$C,'Hiker Food'!M:M)*$D38)} | K38: {=if($C38="","",_xlfn.xlookup($C38,'Hiker Food'!$C:$C,'Hiker Food'!N:N)*$D38)} | L38: {=if($C38="","",_xlfn.xlookup($C38,'Hiker Food'!$C:$C,'Hiker Food'!O:O)*$D38)} | M38: {=if($C38="","",_xlfn.xlookup($C38,'Hiker Food'!$C:$C,'Hiker Food'!P:P)*$D38)} | N38: {=if($C38="","",_xlfn.xlookup($C38,'Hiker Food'!$C:$C,'Hiker Food'!Q:Q)*$D38)} | O38: {=if($C38="","",_xlfn.xlookup($C38,'Hiker Food'!$C:$C,'Hiker Food'!I:I)*$D38)} | P38: {=if($C38="","",_xlfn.xlookup($C38,'Hiker Food'!$C:$C,'Hiker Food'!T:T))} | Q38: {=if($C38="","",_xlfn.xlookup($C38,'Hiker Food'!$C:$C,'Hiker Food'!U:U))} | R38: {=if($C38="","",_xlfn.xlookup($C38,'Hiker Food'!$C:$C,'Hiker Food'!V:V))} | S38: {=if($C38="","",_xlfn.xlookup($C38,'Hiker Food'!$C:$C,'Hiker Food'!W:W))}
B39: Dinner | D39: 1 | E39: {=if(C39="","",_xlfn.xlookup(C39,'Hiker Food'!$C:$C,'Hiker Food'!G:G)*D39)} | F39: {=if(C39="","",_xlfn.xlookup(C39,'Hiker Food'!$C:$C,'Hiker Food'!H:H)*D39)} | G39: {=if($C39="","",_xlfn.xlookup($C39,'Hiker Food'!$C:$C,'Hiker Food'!J:J)*$D39)} | H39: {=if($C39="","",_xlfn.xlookup($C39,'Hiker Food'!$C:$C,'Hiker Food'!K:K)*$D39)} | I39: {=if($C39="","",_xlfn.xlookup($C39,'Hiker Food'!$C:$C,'Hiker Food'!L:L)*$D39)} | J39: {=if($C39="","",_xlfn.xlookup($C39,'Hiker Food'!$C:$C,'Hiker Food'!M:M)*$D39)} | K39: {=if($C39="","",_xlfn.xlookup($C39,'Hiker Food'!$C:$C,'Hiker Food'!N:N)*$D39)} | L39: {=if($C39="","",_xlfn.xlookup($C39,'Hiker Food'!$C:$C,'Hiker Food'!O:O)*$D39)} | M39: {=if($C39="","",_xlfn.xlookup($C39,'Hiker Food'!$C:$C,'Hiker Food'!P:P)*$D39)} | N39: {=if($C39="","",_xlfn.xlookup($C39,'Hiker Food'!$C:$C,'Hiker Food'!Q:Q)*$D39)} | O39: {=if($C39="","",_xlfn.xlookup($C39,'Hiker Food'!$C:$C,'Hiker Food'!I:I)*$D39)} | P39: {=if($C39="","",_xlfn.xlookup($C39,'Hiker Food'!$C:$C,'Hiker Food'!T:T))} | Q39: {=if($C39="","",_xlfn.xlookup($C39,'Hiker Food'!$C:$C,'Hiker Food'!U:U))} | R39: {=if($C39="","",_xlfn.xlookup($C39,'Hiker Food'!$C:$C,'Hiker Food'!V:V))} | S39: {=if($C39="","",_xlfn.xlookup($C39,'Hiker Food'!$C:$C,'Hiker Food'!W:W))} | T39: Dinner | U39: =if(C39="","",Y39/V39) | V39: =if($C39="","",sum(E39:E41)) | W39: =if($C39="","",$Y39/X39) | X39: =if($C39="","",sum(F39:F41)) | Y39: =if($C39="","",sum(O39:O41)) | Z39: =if($C39="","",(sum(J39:J41)/sum(N39:N41))) | AA39: =if($C39="","",sum(G39:G41)*9/sum(sum(G39:G41)*9+sum(J39:J41)*4+sum(N39:N41)*4)) | AB39: =if($C39="","",sum(L39:L41)*4/sum(sum(G39:G41)*9+sum(J39:J41)*4+sum(N39:N41)*4)) | AC39: =if($C39="","",(sum(H39:H41)/sum(O39:O41)))
D40: 1 | E40: {=if(C40="","",_xlfn.xlookup(C40,'Hiker Food'!$C:$C,'Hiker Food'!G:G)*D40)} | F40: {=if(C40="","",_xlfn.xlookup(C40,'Hiker Food'!$C:$C,'Hiker Food'!H:H)*D40)} | G40: {=if($C40="","",_xlfn.xlookup($C40,'Hiker Food'!$C:$C,'Hiker Food'!J:J)*$D40)} | H40: {=if($C40="","",_xlfn.xlookup($C40,'Hiker Food'!$C:$C,'Hiker Food'!K:K)*$D40)} | I40: {=if($C40="","",_xlfn.xlookup($C40,'Hiker Food'!$C:$C,'Hiker Food'!L:L)*$D40)} | J40: {=if($C40="","",_xlfn.xlookup($C40,'Hiker Food'!$C:$C,'Hiker Food'!M:M)*$D40)} | K40: {=if($C40="","",_xlfn.xlookup($C40,'Hiker Food'!$C:$C,'Hiker Food'!N:N)*$D40)} | L40: {=if($C40="","",_xlfn.xlookup($C40,'Hiker Food'!$C:$C,'Hiker Food'!O:O)*$D40)} | M40: {=if($C40="","",_xlfn.xlookup($C40,'Hiker Food'!$C:$C,'Hiker Food'!P:P)*$D40)} | N40: {=if($C40="","",_xlfn.xlookup($C40,'Hiker Food'!$C:$C,'Hiker Food'!Q:Q)*$D40)} | O40: {=if($C40="","",_xlfn.xlookup($C40,'Hiker Food'!$C:$C,'Hiker Food'!I:I)*$D40)} | P40: {=if($C40="","",_xlfn.xlookup($C40,'Hiker Food'!$C:$C,'Hiker Food'!T:T))} | Q40: {=if($C40="","",_xlfn.xlookup($C40,'Hiker Food'!$C:$C,'Hiker Food'!U:U))} | R40: {=if($C40="","",_xlfn.xlookup($C40,'Hiker Food'!$C:$C,'Hiker Food'!V:V))} | S40: {=if($C40="","",_xlfn.xlookup($C40,'Hiker Food'!$C:$C,'Hiker Food'!W:W))}
D41: 1 | E41: {=if(C41="","",_xlfn.xlookup(C41,'Hiker Food'!$C:$C,'Hiker Food'!G:G)*D41)} | F41: {=if(C41="","",_xlfn.xlookup(C41,'Hiker Food'!$C:$C,'Hiker Food'!H:H)*D41)} | G41: {=if($C41="","",_xlfn.xlookup($C41,'Hiker Food'!$C:$C,'Hiker Food'!J:J)*$D41)} | H41: {=if($C41="","",_xlfn.xlookup($C41,'Hiker Food'!$C:$C,'Hiker Food'!K:K)*$D41)} | I41: {=if($C41="","",_xlfn.xlookup($C41,'Hiker Food'!$C:$C,'Hiker Food'!L:L)*$D41)} | J41: {=if($C41="","",_xlfn.xlookup($C41,'Hiker Food'!$C:$C,'Hiker Food'!M:M)*$D41)} | K41: {=if($C41="","",_xlfn.xlookup($C41,'Hiker Food'!$C:$C,'Hiker Food'!N:N)*$D41)} | L41: {=if($C41="","",_xlfn.xlookup($C41,'Hiker Food'!$C:$C,'Hiker Food'!O:O)*$D41)} | M41: {=if($C41="","",_xlfn.xlookup($C41,'Hiker Food'!$C:$C,'Hiker Food'!P:P)*$D41)} | N41: {=if($C41="","",_xlfn.xlookup($C41,'Hiker Food'!$C:$C,'Hiker Food'!Q:Q)*$D41)} | O41: {=if($C41="","",_xlfn.xlookup($C41,'Hiker Food'!$C:$C,'Hiker Food'!I:I)*$D41)} | P41: {=if($C41="","",_xlfn.xlookup($C41,'Hiker Food'!$C:$C,'Hiker Food'!T:T))} | Q41: {=if($C41="","",_xlfn.xlookup($C41,'Hiker Food'!$C:$C,'Hiker Food'!U:U))} | R41: {=if($C41="","",_xlfn.xlookup($C41,'Hiker Food'!$C:$C,'Hiker Food'!V:V))} | S41: {=if($C41="","",_xlfn.xlookup($C41,'Hiker Food'!$C:$C,'Hiker Food'!W:W))}
B42: Dessert | D42: 1 | E42: {=if(C42="","",_xlfn.xlookup(C42,'Hiker Food'!$C:$C,'Hiker Food'!G:G)*D42)} | F42: {=if(C42="","",_xlfn.xlookup(C42,'Hiker Food'!$C:$C,'Hiker Food'!H:H)*D42)} | G42: {=if($C42="","",_xlfn.xlookup($C42,'Hiker Food'!$C:$C,'Hiker Food'!J:J)*$D42)} | H42: {=if($C42="","",_xlfn.xlookup($C42,'Hiker Food'!$C:$C,'Hiker Food'!K:K)*$D42)} | I42: {=if($C42="","",_xlfn.xlookup($C42,'Hiker Food'!$C:$C,'Hiker Food'!L:L)*$D42)} | J42: {=if($C42="","",_xlfn.xlookup($C42,'Hiker Food'!$C:$C,'Hiker Food'!M:M)*$D42)} | K42: {=if($C42="","",_xlfn.xlookup($C42,'Hiker Food'!$C:$C,'Hiker Food'!N:N)*$D42)} | L42: {=if($C42="","",_xlfn.xlookup($C42,'Hiker Food'!$C:$C,'Hiker Food'!O:O)*$D42)} | M42: {=if($C42="","",_xlfn.xlookup($C42,'Hiker Food'!$C:$C,'Hiker Food'!P:P)*$D42)} | N42: {=if($C42="","",_xlfn.xlookup($C42,'Hiker Food'!$C:$C,'Hiker Food'!Q:Q)*$D42)} | O42: {=if($C42="","",_xlfn.xlookup($C42,'Hiker Food'!$C:$C,'Hiker Food'!I:I)*$D42)} | P42: {=if($C42="","",_xlfn.xlookup($C42,'Hiker Food'!$C:$C,'Hiker Food'!T:T))} | Q42: {=if($C42="","",_xlfn.xlookup($C42,'Hiker Food'!$C:$C,'Hiker Food'!U:U))} | R42: {=if($C42="","",_xlfn.xlookup($C42,'Hiker Food'!$C:$C,'Hiker Food'!V:V))} | S42: {=if($C42="","",_xlfn.xlookup($C42,'Hiker Food'!$C:$C,'Hiker Food'!W:W))} | T42: Dessert | U42: =if(C42="","",Y42/V42) | V42: =if($C42="","",sum(E42:E44)) | W42: =if($C42="","",$Y42/X42) | X42: =if($C42="","",sum(F42:F44)) | Y42: =if($C42="","",sum(O42:O44)) | Z42: =if($C42="","",(sum(J42:J44)/sum(N42:N44))) | AA42: =if($C42="","",sum(G42:G44)*9/sum(sum(G42:G44)*9+sum(J42:J44)*4+sum(N42:N44)*4)) | AB42: =if($C42="","",sum(L42:L44)*4/sum(sum(G42:G44)*9+sum(J42:J44)*4+sum(N42:N44)*4)) | AC42: =if($C42="","",(sum(H42:H44)/sum(O42:O44)))
D43: 1 | E43: {=if(C43="","",_xlfn.xlookup(C43,'Hiker Food'!$C:$C,'Hiker Food'!G:G)*D43)} | F43: {=if(C43="","",_xlfn.xlookup(C43,'Hiker Food'!$C:$C,'Hiker Food'!H:H)*D43)} | G43: {=if($C43="","",_xlfn.xlookup($C43,'Hiker Food'!$C:$C,'Hiker Food'!J:J)*$D43)} | H43: {=if($C43="","",_xlfn.xlookup($C43,'Hiker Food'!$C:$C,'Hiker Food'!K:K)*$D43)} | I43: {=if($C43="","",_xlfn.xlookup($C43,'Hiker Food'!$C:$C,'Hiker Food'!L:L)*$D43)} | J43: {=if($C43="","",_xlfn.xlookup($C43,'Hiker Food'!$C:$C,'Hiker Food'!M:M)*$D43)} | K43: {=if($C43="","",_xlfn.xlookup($C43,'Hiker Food'!$C:$C,'Hiker Food'!N:N)*$D43)} | L43: {=if($C43="","",_xlfn.xlookup($C43,'Hiker Food'!$C:$C,'Hiker Food'!O:O)*$D43)} | M43: {=if($C43="","",_xlfn.xlookup($C43,'Hiker Food'!$C:$C,'Hiker Food'!P:P)*$D43)} | N43: {=if($C43="","",_xlfn.xlookup($C43,'Hiker Food'!$C:$C,'Hiker Food'!Q:Q)*$D43)} | O43: {=if($C43="","",_xlfn.xlookup($C43,'Hiker Food'!$C:$C,'Hiker Food'!I:I)*$D43)} | P43: {=if($C43="","",_xlfn.xlookup($C43,'Hiker Food'!$C:$C,'Hiker Food'!T:T))} | Q43: {=if($C43="","",_xlfn.xlookup($C43,'Hiker Food'!$C:$C,'Hiker Food'!U:U))} | R43: {=if($C43="","",_xlfn.xlookup($C43,'Hiker Food'!$C:$C,'Hiker Food'!V:V))} | S43: {=if($C43="","",_xlfn.xlookup($C43,'Hiker Food'!$C:$C,'Hiker Food'!W:W))}
D44: 1 | E44: {=if(C44="","",_xlfn.xlookup(C44,'Hiker Food'!$C:$C,'Hiker Food'!G:G)*D44)} | F44: {=if(C44="","",_xlfn.xlookup(C44,'Hiker Food'!$C:$C,'Hiker Food'!H:H)*D44)} | G44: {=if($C44="","",_xlfn.xlookup($C44,'Hiker Food'!$C:$C,'Hiker Food'!J:J)*$D44)} | H44: {=if($C44="","",_xlfn.xlookup($C44,'Hiker Food'!$C:$C,'Hiker Food'!K:K)*$D44)} | I44: {=if($C44="","",_xlfn.xlookup($C44,'Hiker Food'!$C:$C,'Hiker Food'!L:L)*$D44)} | J44: {=if($C44="","",_xlfn.xlookup($C44,'Hiker Food'!$C:$C,'Hiker Food'!M:M)*$D44)} | K44: {=if($C44="","",_xlfn.xlookup($C44,'Hiker Food'!$C:$C,'Hiker Food'!N:N)*$D44)} | L44: {=if($C44="","",_xlfn.xlookup($C44,'Hiker Food'!$C:$C,'Hiker Food'!O:O)*$D44)} | M44: {=if($C44="","",_xlfn.xlookup($C44,'Hiker Food'!$C:$C,'Hiker Food'!P:P)*$D44)} | N44: {=if($C44="","",_xlfn.xlookup($C44,'Hiker Food'!$C:$C,'Hiker Food'!Q:Q)*$D44)} | O44: {=if($C44="","",_xlfn.xlookup($C44,'Hiker Food'!$C:$C,'Hiker Food'!I:I)*$D44)} | P44: {=if($C44="","",_xlfn.xlookup($C44,'Hiker Food'!$C:$C,'Hiker Food'!T:T))} | Q44: {=if($C44="","",_xlfn.xlookup($C44,'Hiker Food'!$C:$C,'Hiker Food'!U:U))} | R44: {=if($C44="","",_xlfn.xlookup($C44,'Hiker Food'!$C:$C,'Hiker Food'!V:V))} | S44: {=if($C44="","",_xlfn.xlookup($C44,'Hiker Food'!$C:$C,'Hiker Food'!W:W))}
B45: Total | C45: =IF(COUNTIF(C24:C44,"")=COUNTA(C24:C44), "", "zzzz - subtotal line - ignore") -> zzzz - subtotal line - ignore | E45: =if(counta($C24:$C44)=0,"",SUM(E24:E44)) | F45: =if(counta($C24:$C44)=0,"",SUM(F24:F44)) | G45: =if(counta($C24:$C44)=0,"",SUM(G24:G44)) | H45: =if(counta($C24:$C44)=0,"",SUM(H24:H44)) | I45: =if(counta($C24:$C44)=0,"",SUM(I24:I44)) | J45: =if(counta($C24:$C44)=0,"",SUM(J24:J44)) | K45: =if(counta($C24:$C44)=0,"",SUM(K24:K44)) | L45: =if(counta($C24:$C44)=0,"",SUM(L24:L44)) | ... O45: =if(counta($C24:$C44)=0,"",SUM(O24:O44)) | T45: Total | V45: =if(counta($C24:$C44)=0,"",SUM(E24:E44)) | X45: =if(counta($C24:$C44)=0,"",SUM(F24:F44)) | Y45: =if(counta($C24:$C44)=0,"",SUM(O24:O44)) | Z45: =if($V45="","",sum(J24:J44)/sum(N24:N44)) | AA45: =if($V45="","",sum(G24:G44)*9/sum(sum(G24:G44)*9+sum(J24:J44)*4+sum(N24:N44)*4)) | AB45: =if($V45="","",sum(L24:L44)*4/sum(sum(G24:G44)*9+sum(J24:J44)*4+sum(N24:N44)*4)) | AC45: =if($V45="","",sum(H24:H44)/sum(O24:O44))
A46: 3 | B46: Breakfast | D46: 1 | E46: {=if(C46="","",_xlfn.xlookup(C46,'Hiker Food'!$C:$C,'Hiker Food'!G:G)*D46)} | F46: {=if(C46="","",_xlfn.xlookup(C46,'Hiker Food'!$C:$C,'Hiker Food'!H:H)*D46)} | G46: {=if($C46="","",_xlfn.xlookup($C46,'Hiker Food'!$C:$C,'Hiker Food'!J:J)*$D46)} | H46: {=if($C46="","",_xlfn.xlookup($C46,'Hiker Food'!$C:$C,'Hiker Food'!K:K)*$D46)} | I46: {=if($C46="","",_xlfn.xlookup($C46,'Hiker Food'!$C:$C,'Hiker Food'!L:L)*$D46)} | J46: {=if($C46="","",_xlfn.xlookup($C46,'Hiker Food'!$C:$C,'Hiker Food'!M:M)*$D46)} | K46: {=if($C46="","",_xlfn.xlookup($C46,'Hiker Food'!$C:$C,'Hiker Food'!N:N)*$D46)} | L46: {=if($C46="","",_xlfn.xlookup($C46,'Hiker Food'!$C:$C,'Hiker Food'!O:O)*$D46)} | M46: {=if($C46="","",_xlfn.xlookup($C46,'Hiker Food'!$C:$C,'Hiker Food'!P:P)*$D46)} | N46: {=if($C46="","",_xlfn.xlookup($C46,'Hiker Food'!$C:$C,'Hiker Food'!Q:Q)*$D46)} | O46: {=if($C46="","",_xlfn.xlookup($C46,'Hiker Food'!$C:$C,'Hiker Food'!I:I)*$D46)} | P46: {=if($C46="","",_xlfn.xlookup($C46,'Hiker Food'!$C:$C,'Hiker Food'!T:T))} | Q46: {=if($C46="","",_xlfn.xlookup($C46,'Hiker Food'!$C:$C,'Hiker Food'!U:U))} | R46: {=if($C46="","",_xlfn.xlookup($C46,'Hiker Food'!$C:$C,'Hiker Food'!V:V))} | S46: {=if($C46="","",_xlfn.xlookup($C46,'Hiker Food'!$C:$C,'Hiker Food'!W:W))} | T46: Breakfast | U46: =if($C46="","",$Y46/V46) | V46: =if($C46="","",sum(E46:E48)) | W46: =if($C46="","",$Y46/X46) | X46: =if($C46="","",sum(F46:F48)) | Y46: =if($C46="","",sum(O46:O48)) | Z46: =if($C46="","",(sum(J46:J48)/sum(N46:N48))) | AA46: =if($C46="","",sum(G46:G48)*9/sum(sum(G46:G48)*9+sum(J46:J48)*4+sum(N46:N48)*4)) | AB46: =if($C46="","",sum(L46:L48)*4/sum(sum(G46:G48)*9+sum(J46:J48)*4+sum(N46:N48)*4)) | AC46: =if($C46="","",(sum(H46:H48)/sum(O46:O48)))
D47: 1 | E47: {=if(C47="","",_xlfn.xlookup(C47,'Hiker Food'!$C:$C,'Hiker Food'!G:G)*D47)} | F47: {=if(C47="","",_xlfn.xlookup(C47,'Hiker Food'!$C:$C,'Hiker Food'!H:H)*D47)} | G47: {=if($C47="","",_xlfn.xlookup($C47,'Hiker Food'!$C:$C,'Hiker Food'!J:J)*$D47)} | H47: {=if($C47="","",_xlfn.xlookup($C47,'Hiker Food'!$C:$C,'Hiker Food'!K:K)*$D47)} | I47: {=if($C47="","",_xlfn.xlookup($C47,'Hiker Food'!$C:$C,'Hiker Food'!L:L)*$D47)} | J47: {=if($C47="","",_xlfn.xlookup($C47,'Hiker Food'!$C:$C,'Hiker Food'!M:M)*$D47)} | K47: {=if($C47="","",_xlfn.xlookup($C47,'Hiker Food'!$C:$C,'Hiker Food'!N:N)*$D47)} | L47: {=if($C47="","",_xlfn.xlookup($C47,'Hiker Food'!$C:$C,'Hiker Food'!O:O)*$D47)} | M47: {=if($C47="","",_xlfn.xlookup($C47,'Hiker Food'!$C:$C,'Hiker Food'!P:P)*$D47)} | N47: {=if($C47="","",_xlfn.xlookup($C47,'Hiker Food'!$C:$C,'Hiker Food'!Q:Q)*$D47)} | O47: {=if($C47="","",_xlfn.xlookup($C47,'Hiker Food'!$C:$C,'Hiker Food'!I:I)*$D47)} | P47: {=if($C47="","",_xlfn.xlookup($C47,'Hiker Food'!$C:$C,'Hiker Food'!T:T))} | Q47: {=if($C47="","",_xlfn.xlookup($C47,'Hiker Food'!$C:$C,'Hiker Food'!U:U))} | R47: {=if($C47="","",_xlfn.xlookup($C47,'Hiker Food'!$C:$C,'Hiker Food'!V:V))} | S47: {=if($C47="","",_xlfn.xlookup($C47,'Hiker Food'!$C:$C,'Hiker Food'!W:W))}
D48: 1 | E48: {=if(C48="","",_xlfn.xlookup(C48,'Hiker Food'!$C:$C,'Hiker Food'!G:G)*D48)} | F48: {=if(C48="","",_xlfn.xlookup(C48,'Hiker Food'!$C:$C,'Hiker Food'!H:H)*D48)} | G48: {=if($C48="","",_xlfn.xlookup($C48,'Hiker Food'!$C:$C,'Hiker Food'!J:J)*$D48)} | H48: {=if($C48="","",_xlfn.xlookup($C48,'Hiker Food'!$C:$C,'Hiker Food'!K:K)*$D48)} | I48: {=if($C48="","",_xlfn.xlookup($C48,'Hiker Food'!$C:$C,'Hiker Food'!L:L)*$D48)} | J48: {=if($C48="","",_xlfn.xlookup($C48,'Hiker Food'!$C:$C,'Hiker Food'!M:M)*$D48)} | K48: {=if($C48="","",_xlfn.xlookup($C48,'Hiker Food'!$C:$C,'Hiker Food'!N:N)*$D48)} | L48: {=if($C48="","",_xlfn.xlookup($C48,'Hiker Food'!$C:$C,'Hiker Food'!O:O)*$D48)} | M48: {=if($C48="","",_xlfn.xlookup($C48,'Hiker Food'!$C:$C,'Hiker Food'!P:P)*$D48)} | N48: {=if($C48="","",_xlfn.xlookup($C48,'Hiker Food'!$C:$C,'Hiker Food'!Q:Q)*$D48)} | O48: {=if($C48="","",_xlfn.xlookup($C48,'Hiker Food'!$C:$C,'Hiker Food'!I:I)*$D48)} | P48: {=if($C48="","",_xlfn.xlookup($C48,'Hiker Food'!$C:$C,'Hiker Food'!T:T))} | Q48: {=if($C48="","",_xlfn.xlookup($C48,'Hiker Food'!$C:$C,'Hiker Food'!U:U))} | R48: {=if($C48="","",_xlfn.xlookup($C48,'Hiker Food'!$C:$C,'Hiker Food'!V:V))} | S48: {=if($C48="","",_xlfn.xlookup($C48,'Hiker Food'!$C:$C,'Hiker Food'!W:W))}
B49: Morning Snacks | D49: 2 | E49: {=if(C49="","",_xlfn.xlookup(C49,'Hiker Food'!$C:$C,'Hiker Food'!G:G)*D49)} | F49: {=if(C49="","",_xlfn.xlookup(C49,'Hiker Food'!$C:$C,'Hiker Food'!H:H)*D49)} | G49: {=if($C49="","",_xlfn.xlookup($C49,'Hiker Food'!$C:$C,'Hiker Food'!J:J)*$D49)} | H49: {=if($C49="","",_xlfn.xlookup($C49,'Hiker Food'!$C:$C,'Hiker Food'!K:K)*$D49)} | I49: {=if($C49="","",_xlfn.xlookup($C49,'Hiker Food'!$C:$C,'Hiker Food'!L:L)*$D49)} | J49: {=if($C49="","",_xlfn.xlookup($C49,'Hiker Food'!$C:$C,'Hiker Food'!M:M)*$D49)} | K49: {=if($C49="","",_xlfn.xlookup($C49,'Hiker Food'!$C:$C,'Hiker Food'!N:N)*$D49)} | L49: {=if($C49="","",_xlfn.xlookup($C49,'Hiker Food'!$C:$C,'Hiker Food'!O:O)*$D49)} | M49: {=if($C49="","",_xlfn.xlookup($C49,'Hiker Food'!$C:$C,'Hiker Food'!P:P)*$D49)} | N49: {=if($C49="","",_xlfn.xlookup($C49,'Hiker Food'!$C:$C,'Hiker Food'!Q:Q)*$D49)} | O49: {=if($C49="","",_xlfn.xlookup($C49,'Hiker Food'!$C:$C,'Hiker Food'!I:I)*$D49)} | P49: {=if($C49="","",_xlfn.xlookup($C49,'Hiker Food'!$C:$C,'Hiker Food'!T:T))} | Q49: {=if($C49="","",_xlfn.xlookup($C49,'Hiker Food'!$C:$C,'Hiker Food'!U:U))} | R49: {=if($C49="","",_xlfn.xlookup($C49,'Hiker Food'!$C:$C,'Hiker Food'!V:V))} | S49: {=if($C49="","",_xlfn.xlookup($C49,'Hiker Food'!$C:$C,'Hiker Food'!W:W))} | T49: Morning Snacks | U49: =if(C49="","",Y49/V49) | V49: =if($C49="","",sum(E49:E51)) | W49: =if($C49="","",$Y49/X49) | X49: =if($C49="","",sum(F49:F51)) | Y49: =if($C49="","",sum(O49:O51)) | Z49: =if($C49="","",(sum(J49:J51)/sum(N49:N51))) | AA49: =if($C49="","",sum(G49:G51)*9/sum(sum(G49:G51)*9+sum(J49:J51)*4+sum(N49:N51)*4)) | AB49: =if($C49="","",sum(L49:L51)*4/sum(sum(G49:G51)*9+sum(J49:J51)*4+sum(N49:N51)*4)) | AC49: =if($C49="","",(sum(H49:H51)/sum(O49:O51)))
D50: 2 | E50: {=if(C50="","",_xlfn.xlookup(C50,'Hiker Food'!$C:$C,'Hiker Food'!G:G)*D50)} | F50: {=if(C50="","",_xlfn.xlookup(C50,'Hiker Food'!$C:$C,'Hiker Food'!H:H)*D50)} | G50: {=if($C50="","",_xlfn.xlookup($C50,'Hiker Food'!$C:$C,'Hiker Food'!J:J)*$D50)} | H50: {=if($C50="","",_xlfn.xlookup($C50,'Hiker Food'!$C:$C,'Hiker Food'!K:K)*$D50)} | I50: {=if($C50="","",_xlfn.xlookup($C50,'Hiker Food'!$C:$C,'Hiker Food'!L:L)*$D50)} | J50: {=if($C50="","",_xlfn.xlookup($C50,'Hiker Food'!$C:$C,'Hiker Food'!M:M)*$D50)} | K50: {=if($C50="","",_xlfn.xlookup($C50,'Hiker Food'!$C:$C,'Hiker Food'!N:N)*$D50)} | L50: {=if($C50="","",_xlfn.xlookup($C50,'Hiker Food'!$C:$C,'Hiker Food'!O:O)*$D50)} | M50: {=if($C50="","",_xlfn.xlookup($C50,'Hiker Food'!$C:$C,'Hiker Food'!P:P)*$D50)} | N50: {=if($C50="","",_xlfn.xlookup($C50,'Hiker Food'!$C:$C,'Hiker Food'!Q:Q)*$D50)} | O50: {=if($C50="","",_xlfn.xlookup($C50,'Hiker Food'!$C:$C,'Hiker Food'!I:I)*$D50)} | P50: {=if($C50="","",_xlfn.xlookup($C50,'Hiker Food'!$C:$C,'Hiker Food'!T:T))} | Q50: {=if($C50="","",_xlfn.xlookup($C50,'Hiker Food'!$C:$C,'Hiker Food'!U:U))} | R50: {=if($C50="","",_xlfn.xlookup($C50,'Hiker Food'!$C:$C,'Hiker Food'!V:V))} | S50: {=if($C50="","",_xlfn.xlookup($C50,'Hiker Food'!$C:$C,'Hiker Food'!W:W))}
D51: 1 | E51: {=if(C51="","",_xlfn.xlookup(C51,'Hiker Food'!$C:$C,'Hiker Food'!G:G)*D51)} | F51: {=if(C51="","",_xlfn.xlookup(C51,'Hiker Food'!$C:$C,'Hiker Food'!H:H)*D51)} | G51: {=if($C51="","",_xlfn.xlookup($C51,'Hiker Food'!$C:$C,'Hiker Food'!J:J)*$D51)} | H51: {=if($C51="","",_xlfn.xlookup($C51,'Hiker Food'!$C:$C,'Hiker Food'!K:K)*$D51)} | I51: {=if($C51="","",_xlfn.xlookup($C51,'Hiker Food'!$C:$C,'Hiker Food'!L:L)*$D51)} | J51: {=if($C51="","",_xlfn.xlookup($C51,'Hiker Food'!$C:$C,'Hiker Food'!M:M)*$D51)} | K51: {=if($C51="","",_xlfn.xlookup($C51,'Hiker Food'!$C:$C,'Hiker Food'!N:N)*$D51)} | L51: {=if($C51="","",_xlfn.xlookup($C51,'Hiker Food'!$C:$C,'Hiker Food'!O:O)*$D51)} | M51: {=if($C51="","",_xlfn.xlookup($C51,'Hiker Food'!$C:$C,'Hiker Food'!P:P)*$D51)} | N51: {=if($C51="","",_xlfn.xlookup($C51,'Hiker Food'!$C:$C,'Hiker Food'!Q:Q)*$D51)} | O51: {=if($C51="","",_xlfn.xlookup($C51,'Hiker Food'!$C:$C,'Hiker Food'!I:I)*$D51)} | P51: {=if($C51="","",_xlfn.xlookup($C51,'Hiker Food'!$C:$C,'Hiker Food'!T:T))} | Q51: {=if($C51="","",_xlfn.xlookup($C51,'Hiker Food'!$C:$C,'Hiker Food'!U:U))} | R51: {=if($C51="","",_xlfn.xlookup($C51,'Hiker Food'!$C:$C,'Hiker Food'!V:V))} | S51: {=if($C51="","",_xlfn.xlookup($C51,'Hiker Food'!$C:$C,'Hiker Food'!W:W))}
B52: Lunch | D52: 3 | E52: {=if(C52="","",_xlfn.xlookup(C52,'Hiker Food'!$C:$C,'Hiker Food'!G:G)*D52)} | F52: {=if(C52="","",_xlfn.xlookup(C52,'Hiker Food'!$C:$C,'Hiker Food'!H:H)*D52)} | G52: {=if($C52="","",_xlfn.xlookup($C52,'Hiker Food'!$C:$C,'Hiker Food'!J:J)*$D52)} | H52: {=if($C52="","",_xlfn.xlookup($C52,'Hiker Food'!$C:$C,'Hiker Food'!K:K)*$D52)} | I52: {=if($C52="","",_xlfn.xlookup($C52,'Hiker Food'!$C:$C,'Hiker Food'!L:L)*$D52)} | J52: {=if($C52="","",_xlfn.xlookup($C52,'Hiker Food'!$C:$C,'Hiker Food'!M:M)*$D52)} | K52: {=if($C52="","",_xlfn.xlookup($C52,'Hiker Food'!$C:$C,'Hiker Food'!N:N)*$D52)} | L52: {=if($C52="","",_xlfn.xlookup($C52,'Hiker Food'!$C:$C,'Hiker Food'!O:O)*$D52)} | M52: {=if($C52="","",_xlfn.xlookup($C52,'Hiker Food'!$C:$C,'Hiker Food'!P:P)*$D52)} | N52: {=if($C52="","",_xlfn.xlookup($C52,'Hiker Food'!$C:$C,'Hiker Food'!Q:Q)*$D52)} | O52: {=if($C52="","",_xlfn.xlookup($C52,'Hiker Food'!$C:$C,'Hiker Food'!I:I)*$D52)} | P52: {=if($C52="","",_xlfn.xlookup($C52,'Hiker Food'!$C:$C,'Hiker Food'!T:T))} | Q52: {=if($C52="","",_xlfn.xlookup($C52,'Hiker Food'!$C:$C,'Hiker Food'!U:U))} | R52: {=if($C52="","",_xlfn.xlookup($C52,'Hiker Food'!$C:$C,'Hiker Food'!V:V))} | S52: {=if($C52="","",_xlfn.xlookup($C52,'Hiker Food'!$C:$C,'Hiker Food'!W:W))} | T52: Lunch | U52: =if(C52="","",Y52/V52) | V52: =if($C52="","",sum(E52:E54)) | W52: =if($C52="","",$Y52/X52) | X52: =if($C52="","",sum(F52:F54)) | Y52: =if($C52="","",sum(O52:O54)) | Z52: =if($C52="","",(sum(J52:J54)/sum(N52:N54))) | AA52: =if($C52="","",sum(G52:G54)*9/sum(sum(G52:G54)*9+sum(J52:J54)*4+sum(N52:N54)*4)) | AB52: =if($C52="","",sum(L52:L54)*4/sum(sum(G52:G54)*9+sum(J52:J54)*4+sum(N52:N54)*4)) | AC52: =if($C52="","",(sum(H52:H54)/sum(O52:O54)))
D53: 3 | E53: {=if(C53="","",_xlfn.xlookup(C53,'Hiker Food'!$C:$C,'Hiker Food'!G:G)*D53)} | F53: {=if(C53="","",_xlfn.xlookup(C53,'Hiker Food'!$C:$C,'Hiker Food'!H:H)*D53)} | G53: {=if($C53="","",_xlfn.xlookup($C53,'Hiker Food'!$C:$C,'Hiker Food'!J:J)*$D53)} | H53: {=if($C53="","",_xlfn.xlookup($C53,'Hiker Food'!$C:$C,'Hiker Food'!K:K)*$D53)} | I53: {=if($C53="","",_xlfn.xlookup($C53,'Hiker Food'!$C:$C,'Hiker Food'!L:L)*$D53)} | J53: {=if($C53="","",_xlfn.xlookup($C53,'Hiker Food'!$C:$C,'Hiker Food'!M:M)*$D53)} | K53: {=if($C53="","",_xlfn.xlookup($C53,'Hiker Food'!$C:$C,'Hiker Food'!N:N)*$D53)} | L53: {=if($C53="","",_xlfn.xlookup($C53,'Hiker Food'!$C:$C,'Hiker Food'!O:O)*$D53)} | M53: {=if($C53="","",_xlfn.xlookup($C53,'Hiker Food'!$C:$C,'Hiker Food'!P:P)*$D53)} | N53: {=if($C53="","",_xlfn.xlookup($C53,'Hiker Food'!$C:$C,'Hiker Food'!Q:Q)*$D53)} | O53: {=if($C53="","",_xlfn.xlookup($C53,'Hiker Food'!$C:$C,'Hiker Food'!I:I)*$D53)} | P53: {=if($C53="","",_xlfn.xlookup($C53,'Hiker Food'!$C:$C,'Hiker Food'!T:T))} | Q53: {=if($C53="","",_xlfn.xlookup($C53,'Hiker Food'!$C:$C,'Hiker Food'!U:U))} | R53: {=if($C53="","",_xlfn.xlookup($C53,'Hiker Food'!$C:$C,'Hiker Food'!V:V))} | S53: {=if($C53="","",_xlfn.xlookup($C53,'Hiker Food'!$C:$C,'Hiker Food'!W:W))}
D54: 1 | E54: {=if(C54="","",_xlfn.xlookup(C54,'Hiker Food'!$C:$C,'Hiker Food'!G:G)*D54)} | F54: {=if(C54="","",_xlfn.xlookup(C54,'Hiker Food'!$C:$C,'Hiker Food'!H:H)*D54)} | G54: {=if($C54="","",_xlfn.xlookup($C54,'Hiker Food'!$C:$C,'Hiker Food'!J:J)*$D54)} | H54: {=if($C54="","",_xlfn.xlookup($C54,'Hiker Food'!$C:$C,'Hiker Food'!K:K)*$D54)} | I54: {=if($C54="","",_xlfn.xlookup($C54,'Hiker Food'!$C:$C,'Hiker Food'!L:L)*$D54)} | J54: {=if($C54="","",_xlfn.xlookup($C54,'Hiker Food'!$C:$C,'Hiker Food'!M:M)*$D54)} | K54: {=if($C54="","",_xlfn.xlookup($C54,'Hiker Food'!$C:$C,'Hiker Food'!N:N)*$D54)} | L54: {=if($C54="","",_xlfn.xlookup($C54,'Hiker Food'!$C:$C,'Hiker Food'!O:O)*$D54)} | M54: {=if($C54="","",_xlfn.xlookup($C54,'Hiker Food'!$C:$C,'Hiker Food'!P:P)*$D54)} | N54: {=if($C54="","",_xlfn.xlookup($C54,'Hiker Food'!$C:$C,'Hiker Food'!Q:Q)*$D54)} | O54: {=if($C54="","",_xlfn.xlookup($C54,'Hiker Food'!$C:$C,'Hiker Food'!I:I)*$D54)} | P54: {=if($C54="","",_xlfn.xlookup($C54,'Hiker Food'!$C:$C,'Hiker Food'!T:T))} | Q54: {=if($C54="","",_xlfn.xlookup($C54,'Hiker Food'!$C:$C,'Hiker Food'!U:U))} | R54: {=if($C54="","",_xlfn.xlookup($C54,'Hiker Food'!$C:$C,'Hiker Food'!V:V))} | S54: {=if($C54="","",_xlfn.xlookup($C54,'Hiker Food'!$C:$C,'Hiker Food'!W:W))}
B55: Afternoon Snacks | D55: 1 | E55: {=if(C55="","",_xlfn.xlookup(C55,'Hiker Food'!$C:$C,'Hiker Food'!G:G)*D55)} | F55: {=if(C55="","",_xlfn.xlookup(C55,'Hiker Food'!$C:$C,'Hiker Food'!H:H)*D55)} | G55: {=if($C55="","",_xlfn.xlookup($C55,'Hiker Food'!$C:$C,'Hiker Food'!J:J)*$D55)} | H55: {=if($C55="","",_xlfn.xlookup($C55,'Hiker Food'!$C:$C,'Hiker Food'!K:K)*$D55)} | I55: {=if($C55="","",_xlfn.xlookup($C55,'Hiker Food'!$C:$C,'Hiker Food'!L:L)*$D55)} | J55: {=if($C55="","",_xlfn.xlookup($C55,'Hiker Food'!$C:$C,'Hiker Food'!M:M)*$D55)} | K55: {=if($C55="","",_xlfn.xlookup($C55,'Hiker Food'!$C:$C,'Hiker Food'!N:N)*$D55)} | L55: {=if($C55="","",_xlfn.xlookup($C55,'Hiker Food'!$C:$C,'Hiker Food'!O:O)*$D55)} | M55: {=if($C55="","",_xlfn.xlookup($C55,'Hiker Food'!$C:$C,'Hiker Food'!P:P)*$D55)} | N55: {=if($C55="","",_xlfn.xlookup($C55,'Hiker Food'!$C:$C,'Hiker Food'!Q:Q)*$D55)} | O55: {=if($C55="","",_xlfn.xlookup($C55,'Hiker Food'!$C:$C,'Hiker Food'!I:I)*$D55)} | P55: {=if($C55="","",_xlfn.xlookup($C55,'Hiker Food'!$C:$C,'Hiker Food'!T:T))} | Q55: {=if($C55="","",_xlfn.xlookup($C55,'Hiker Food'!$C:$C,'Hiker Food'!U:U))} | R55: {=if($C55="","",_xlfn.xlookup($C55,'Hiker Food'!$C:$C,'Hiker Food'!V:V))} | S55: {=if($C55="","",_xlfn.xlookup($C55,'Hiker Food'!$C:$C,'Hiker Food'!W:W))} | T55: Afternoon Snacks | U55: =if(C55="","",Y55/V55) | V55: =if($C55="","",sum(E55:E57)) | W55: =if($C55="","",$Y55/X55) | X55: =if($C55="","",sum(F55:F57)) | Y55: =if($C55="","",sum(O55:O57)) | Z55: =if($C55="","",(sum(J55:J57)/sum(N55:N57))) | AA55: =if($C55="","",sum(G55:G57)*9/sum(sum(G55:G57)*9+sum(J55:J57)*4+sum(N55:N57)*4)) | AB55: =if($C55="","",sum(L55:L57)*4/sum(sum(G55:G57)*9+sum(J55:J57)*4+sum(N55:N57)*4)) | AC55: =if($C55="","",(sum(H55:H57)/sum(O55:O57)))
D56: 1 | E56: {=if(C56="","",_xlfn.xlookup(C56,'Hiker Food'!$C:$C,'Hiker Food'!G:G)*D56)} | F56: {=if(C56="","",_xlfn.xlookup(C56,'Hiker Food'!$C:$C,'Hiker Food'!H:H)*D56)} | G56: {=if($C56="","",_xlfn.xlookup($C56,'Hiker Food'!$C:$C,'Hiker Food'!J:J)*$D56)} | H56: {=if($C56="","",_xlfn.xlookup($C56,'Hiker Food'!$C:$C,'Hiker Food'!K:K)*$D56)} | I56: {=if($C56="","",_xlfn.xlookup($C56,'Hiker Food'!$C:$C,'Hiker Food'!L:L)*$D56)} | J56: {=if($C56="","",_xlfn.xlookup($C56,'Hiker Food'!$C:$C,'Hiker Food'!M:M)*$D56)} | K56: {=if($C56="","",_xlfn.xlookup($C56,'Hiker Food'!$C:$C,'Hiker Food'!N:N)*$D56)} | L56: {=if($C56="","",_xlfn.xlookup($C56,'Hiker Food'!$C:$C,'Hiker Food'!O:O)*$D56)} | M56: {=if($C56="","",_xlfn.xlookup($C56,'Hiker Food'!$C:$C,'Hiker Food'!P:P)*$D56)} | N56: {=if($C56="","",_xlfn.xlookup($C56,'Hiker Food'!$C:$C,'Hiker Food'!Q:Q)*$D56)} | O56: {=if($C56="","",_xlfn.xlookup($C56,'Hiker Food'!$C:$C,'Hiker Food'!I:I)*$D56)} | P56: {=if($C56="","",_xlfn.xlookup($C56,'Hiker Food'!$C:$C,'Hiker Food'!T:T))} | Q56: {=if($C56="","",_xlfn.xlookup($C56,'Hiker Food'!$C:$C,'Hiker Food'!U:U))} | R56: {=if($C56="","",_xlfn.xlookup($C56,'Hiker Food'!$C:$C,'Hiker Food'!V:V))} | S56: {=if($C56="","",_xlfn.xlookup($C56,'Hiker Food'!$C:$C,'Hiker Food'!W:W))}
D57: 1 | E57: {=if(C57="","",_xlfn.xlookup(C57,'Hiker Food'!$C:$C,'Hiker Food'!G:G)*D57)} | F57: {=if(C57="","",_xlfn.xlookup(C57,'Hiker Food'!$C:$C,'Hiker Food'!H:H)*D57)} | G57: {=if($C57="","",_xlfn.xlookup($C57,'Hiker Food'!$C:$C,'Hiker Food'!J:J)*$D57)} | H57: {=if($C57="","",_xlfn.xlookup($C57,'Hiker Food'!$C:$C,'Hiker Food'!K:K)*$D57)} | I57: {=if($C57="","",_xlfn.xlookup($C57,'Hiker Food'!$C:$C,'Hiker Food'!L:L)*$D57)} | J57: {=if($C57="","",_xlfn.xlookup($C57,'Hiker Food'!$C:$C,'Hiker Food'!M:M)*$D57)} | K57: {=if($C57="","",_xlfn.xlookup($C57,'Hiker Food'!$C:$C,'Hiker Food'!N:N)*$D57)} | L57: {=if($C57="","",_xlfn.xlookup($C57,'Hiker Food'!$C:$C,'Hiker Food'!O:O)*$D57)} | M57: {=if($C57="","",_xlfn.xlookup($C57,'Hiker Food'!$C:$C,'Hiker Food'!P:P)*$D57)} | N57: {=if($C57="","",_xlfn.xlookup($C57,'Hiker Food'!$C:$C,'Hiker Food'!Q:Q)*$D57)} | O57: {=if($C57="","",_xlfn.xlookup($C57,'Hiker Food'!$C:$C,'Hiker Food'!I:I)*$D57)} | P57: {=if($C57="","",_xlfn.xlookup($C57,'Hiker Food'!$C:$C,'Hiker Food'!T:T))} | Q57: {=if($C57="","",_xlfn.xlookup($C57,'Hiker Food'!$C:$C,'Hiker Food'!U:U))} | R57: {=if($C57="","",_xlfn.xlookup($C57,'Hiker Food'!$C:$C,'Hiker Food'!V:V))} | S57: {=if($C57="","",_xlfn.xlookup($C57,'Hiker Food'!$C:$C,'Hiker Food'!W:W))}
B58: Recovery | D58: 1 | E58: {=if(C58="","",_xlfn.xlookup(C58,'Hiker Food'!$C:$C,'Hiker Food'!G:G)*D58)} | F58: {=if(C58="","",_xlfn.xlookup(C58,'Hiker Food'!$C:$C,'Hiker Food'!H:H)*D58)} | G58: {=if($C58="","",_xlfn.xlookup($C58,'Hiker Food'!$C:$C,'Hiker Food'!J:J)*$D58)} | H58: {=if($C58="","",_xlfn.xlookup($C58,'Hiker Food'!$C:$C,'Hiker Food'!K:K)*$D58)} | I58: {=if($C58="","",_xlfn.xlookup($C58,'Hiker Food'!$C:$C,'Hiker Food'!L:L)*$D58)} | J58: {=if($C58="","",_xlfn.xlookup($C58,'Hiker Food'!$C:$C,'Hiker Food'!M:M)*$D58)} | K58: {=if($C58="","",_xlfn.xlookup($C58,'Hiker Food'!$C:$C,'Hiker Food'!N:N)*$D58)} | L58: {=if($C58="","",_xlfn.xlookup($C58,'Hiker Food'!$C:$C,'Hiker Food'!O:O)*$D58)} | M58: {=if($C58="","",_xlfn.xlookup($C58,'Hiker Food'!$C:$C,'Hiker Food'!P:P)*$D58)} | N58: {=if($C58="","",_xlfn.xlookup($C58,'Hiker Food'!$C:$C,'Hiker Food'!Q:Q)*$D58)} | O58: {=if($C58="","",_xlfn.xlookup($C58,'Hiker Food'!$C:$C,'Hiker Food'!I:I)*$D58)} | P58: {=if($C58="","",_xlfn.xlookup($C58,'Hiker Food'!$C:$C,'Hiker Food'!T:T))} | Q58: {=if($C58="","",_xlfn.xlookup($C58,'Hiker Food'!$C:$C,'Hiker Food'!U:U))} | R58: {=if($C58="","",_xlfn.xlookup($C58,'Hiker Food'!$C:$C,'Hiker Food'!V:V))} | S58: {=if($C58="","",_xlfn.xlookup($C58,'Hiker Food'!$C:$C,'Hiker Food'!W:W))} | T58: Recovery | U58: =if(C58="","",Y58/V58) | V58: =if($C58="","",sum(E58:E60)) | W58: =if($C58="","",$Y58/X58) | X58: =if($C58="","",sum(F58:F60)) | Y58: =if($C58="","",sum(O58:O60)) | Z58: =if($C58="","",(sum(J58:J60)/sum(N58:N60))) | AA58: =if($C58="","",sum(G58:G60)*9/sum(sum(G58:G60)*9+sum(J58:J60)*4+sum(N58:N60)*4)) | AB58: =if($C58="","",sum(L58:L60)*4/sum(sum(G58:G60)*9+sum(J58:J60)*4+sum(N58:N60)*4)) | AC58: =if($C58="","",(sum(H58:H60)/sum(O58:O60)))
D59: 1 | E59: {=if(C59="","",_xlfn.xlookup(C59,'Hiker Food'!$C:$C,'Hiker Food'!G:G)*D59)} | F59: {=if(C59="","",_xlfn.xlookup(C59,'Hiker Food'!$C:$C,'Hiker Food'!H:H)*D59)} | G59: {=if($C59="","",_xlfn.xlookup($C59,'Hiker Food'!$C:$C,'Hiker Food'!J:J)*$D59)} | H59: {=if($C59="","",_xlfn.xlookup($C59,'Hiker Food'!$C:$C,'Hiker Food'!K:K)*$D59)} | I59: {=if($C59="","",_xlfn.xlookup($C59,'Hiker Food'!$C:$C,'Hiker Food'!L:L)*$D59)} | J59: {=if($C59="","",_xlfn.xlookup($C59,'Hiker Food'!$C:$C,'Hiker Food'!M:M)*$D59)} | K59: {=if($C59="","",_xlfn.xlookup($C59,'Hiker Food'!$C:$C,'Hiker Food'!N:N)*$D59)} | L59: {=if($C59="","",_xlfn.xlookup($C59,'Hiker Food'!$C:$C,'Hiker Food'!O:O)*$D59)} | M59: {=if($C59="","",_xlfn.xlookup($C59,'Hiker Food'!$C:$C,'Hiker Food'!P:P)*$D59)} | N59: {=if($C59="","",_xlfn.xlookup($C59,'Hiker Food'!$C:$C,'Hiker Food'!Q:Q)*$D59)} | O59: {=if($C59="","",_xlfn.xlookup($C59,'Hiker Food'!$C:$C,'Hiker Food'!I:I)*$D59)} | P59: {=if($C59="","",_xlfn.xlookup($C59,'Hiker Food'!$C:$C,'Hiker Food'!T:T))} | Q59: {=if($C59="","",_xlfn.xlookup($C59,'Hiker Food'!$C:$C,'Hiker Food'!U:U))} | R59: {=if($C59="","",_xlfn.xlookup($C59,'Hiker Food'!$C:$C,'Hiker Food'!V:V))} | S59: {=if($C59="","",_xlfn.xlookup($C59,'Hiker Food'!$C:$C,'Hiker Food'!W:W))}
D60: 1 | E60: {=if(C60="","",_xlfn.xlookup(C60,'Hiker Food'!$C:$C,'Hiker Food'!G:G)*D60)} | F60: {=if(C60="","",_xlfn.xlookup(C60,'Hiker Food'!$C:$C,'Hiker Food'!H:H)*D60)} | G60: {=if($C60="","",_xlfn.xlookup($C60,'Hiker Food'!$C:$C,'Hiker Food'!J:J)*$D60)} | H60: {=if($C60="","",_xlfn.xlookup($C60,'Hiker Food'!$C:$C,'Hiker Food'!K:K)*$D60)} | I60: {=if($C60="","",_xlfn.xlookup($C60,'Hiker Food'!$C:$C,'Hiker Food'!L:L)*$D60)} | J60: {=if($C60="","",_xlfn.xlookup($C60,'Hiker Food'!$C:$C,'Hiker Food'!M:M)*$D60)} | K60: {=if($C60="","",_xlfn.xlookup($C60,'Hiker Food'!$C:$C,'Hiker Food'!N:N)*$D60)} | L60: {=if($C60="","",_xlfn.xlookup($C60,'Hiker Food'!$C:$C,'Hiker Food'!O:O)*$D60)} | M60: {=if($C60="","",_xlfn.xlookup($C60,'Hiker Food'!$C:$C,'Hiker Food'!P:P)*$D60)} | N60: {=if($C60="","",_xlfn.xlookup($C60,'Hiker Food'!$C:$C,'Hiker Food'!Q:Q)*$D60)} | O60: {=if($C60="","",_xlfn.xlookup($C60,'Hiker Food'!$C:$C,'Hiker Food'!I:I)*$D60)} | P60: {=if($C60="","",_xlfn.xlookup($C60,'Hiker Food'!$C:$C,'Hiker Food'!T:T))} | Q60: {=if($C60="","",_xlfn.xlookup($C60,'Hiker Food'!$C:$C,'Hiker Food'!U:U))} | R60: {=if($C60="","",_xlfn.xlookup($C60,'Hiker Food'!$C:$C,'Hiker Food'!V:V))} | S60: {=if($C60="","",_xlfn.xlookup($C60,'Hiker Food'!$C:$C,'Hiker Food'!W:W))}
B61: Dinner | D61: 1 | E61: {=if(C61="","",_xlfn.xlookup(C61,'Hiker Food'!$C:$C,'Hiker Food'!G:G)*D61)} | F61: {=if(C61="","",_xlfn.xlookup(C61,'Hiker Food'!$C:$C,'Hiker Food'!H:H)*D61)} | G61: {=if($C61="","",_xlfn.xlookup($C61,'Hiker Food'!$C:$C,'Hiker Food'!J:J)*$D61)} | H61: {=if($C61="","",_xlfn.xlookup($C61,'Hiker Food'!$C:$C,'Hiker Food'!K:K)*$D61)} | I61: {=if($C61="","",_xlfn.xlookup($C61,'Hiker Food'!$C:$C,'Hiker Food'!L:L)*$D61)} | J61: {=if($C61="","",_xlfn.xlookup($C61,'Hiker Food'!$C:$C,'Hiker Food'!M:M)*$D61)} | K61: {=if($C61="","",_xlfn.xlookup($C61,'Hiker Food'!$C:$C,'Hiker Food'!N:N)*$D61)} | L61: {=if($C61="","",_xlfn.xlookup($C61,'Hiker Food'!$C:$C,'Hiker Food'!O:O)*$D61)} | M61: {=if($C61="","",_xlfn.xlookup($C61,'Hiker Food'!$C:$C,'Hiker Food'!P:P)*$D61)} | N61: {=if($C61="","",_xlfn.xlookup($C61,'Hiker Food'!$C:$C,'Hiker Food'!Q:Q)*$D61)} | O61: {=if($C61="","",_xlfn.xlookup($C61,'Hiker Food'!$C:$C,'Hiker Food'!I:I)*$D61)} | P61: {=if($C61="","",_xlfn.xlookup($C61,'Hiker Food'!$C:$C,'Hiker Food'!T:T))} | Q61: {=if($C61="","",_xlfn.xlookup($C61,'Hiker Food'!$C:$C,'Hiker Food'!U:U))} | R61: {=if($C61="","",_xlfn.xlookup($C61,'Hiker Food'!$C:$C,'Hiker Food'!V:V))} | S61: {=if($C61="","",_xlfn.xlookup($C61,'Hiker Food'!$C:$C,'Hiker Food'!W:W))} | T61: Dinner | U61: =if(C61="","",Y61/V61) | V61: =if($C61="","",sum(E61:E63)) | W61: =if($C61="","",$Y61/X61) | X61: =if($C61="","",sum(F61:F63)) | Y61: =if($C61="","",sum(O61:O63)) | Z61: =if($C61="","",(sum(J61:J63)/sum(N61:N63))) | AA61: =if($C61="","",sum(G61:G63)*9/sum(sum(G61:G63)*9+sum(J61:J63)*4+sum(N61:N63)*4)) | AB61: =if($C61="","",sum(L61:L63)*4/sum(sum(G61:G63)*9+sum(J61:J63)*4+sum(N61:N63)*4)) | AC61: =if($C61="","",(sum(H61:H63)/sum(O61:O63)))
D62: 1 | E62: {=if(C62="","",_xlfn.xlookup(C62,'Hiker Food'!$C:$C,'Hiker Food'!G:G)*D62)} | F62: {=if(C62="","",_xlfn.xlookup(C62,'Hiker Food'!$C:$C,'Hiker Food'!H:H)*D62)} | G62: {=if($C62="","",_xlfn.xlookup($C62,'Hiker Food'!$C:$C,'Hiker Food'!J:J)*$D62)} | H62: {=if($C62="","",_xlfn.xlookup($C62,'Hiker Food'!$C:$C,'Hiker Food'!K:K)*$D62)} | I62: {=if($C62="","",_xlfn.xlookup($C62,'Hiker Food'!$C:$C,'Hiker Food'!L:L)*$D62)} | J62: {=if($C62="","",_xlfn.xlookup($C62,'Hiker Food'!$C:$C,'Hiker Food'!M:M)*$D62)} | K62: {=if($C62="","",_xlfn.xlookup($C62,'Hiker Food'!$C:$C,'Hiker Food'!N:N)*$D62)} | L62: {=if($C62="","",_xlfn.xlookup($C62,'Hiker Food'!$C:$C,'Hiker Food'!O:O)*$D62)} | M62: {=if($C62="","",_xlfn.xlookup($C62,'Hiker Food'!$C:$C,'Hiker Food'!P:P)*$D62)} | N62: {=if($C62="","",_xlfn.xlookup($C62,'Hiker Food'!$C:$C,'Hiker Food'!Q:Q)*$D62)} | O62: {=if($C62="","",_xlfn.xlookup($C62,'Hiker Food'!$C:$C,'Hiker Food'!I:I)*$D62)} | P62: {=if($C62="","",_xlfn.xlookup($C62,'Hiker Food'!$C:$C,'Hiker Food'!T:T))} | Q62: {=if($C62="","",_xlfn.xlookup($C62,'Hiker Food'!$C:$C,'Hiker Food'!U:U))} | R62: {=if($C62="","",_xlfn.xlookup($C62,'Hiker Food'!$C:$C,'Hiker Food'!V:V))} | S62: {=if($C62="","",_xlfn.xlookup($C62,'Hiker Food'!$C:$C,'Hiker Food'!W:W))}
D63: 1 | E63: {=if(C63="","",_xlfn.xlookup(C63,'Hiker Food'!$C:$C,'Hiker Food'!G:G)*D63)} | F63: {=if(C63="","",_xlfn.xlookup(C63,'Hiker Food'!$C:$C,'Hiker Food'!H:H)*D63)} | G63: {=if($C63="","",_xlfn.xlookup($C63,'Hiker Food'!$C:$C,'Hiker Food'!J:J)*$D63)} | H63: {=if($C63="","",_xlfn.xlookup($C63,'Hiker Food'!$C:$C,'Hiker Food'!K:K)*$D63)} | I63: {=if($C63="","",_xlfn.xlookup($C63,'Hiker Food'!$C:$C,'Hiker Food'!L:L)*$D63)} | J63: {=if($C63="","",_xlfn.xlookup($C63,'Hiker Food'!$C:$C,'Hiker Food'!M:M)*$D63)} | K63: {=if($C63="","",_xlfn.xlookup($C63,'Hiker Food'!$C:$C,'Hiker Food'!N:N)*$D63)} | L63: {=if($C63="","",_xlfn.xlookup($C63,'Hiker Food'!$C:$C,'Hiker Food'!O:O)*$D63)} | M63: {=if($C63="","",_xlfn.xlookup($C63,'Hiker Food'!$C:$C,'Hiker Food'!P:P)*$D63)} | N63: {=if($C63="","",_xlfn.xlookup($C63,'Hiker Food'!$C:$C,'Hiker Food'!Q:Q)*$D63)} | O63: {=if($C63="","",_xlfn.xlookup($C63,'Hiker Food'!$C:$C,'Hiker Food'!I:I)*$D63)} | P63: {=if($C63="","",_xlfn.xlookup($C63,'Hiker Food'!$C:$C,'Hiker Food'!T:T))} | Q63: {=if($C63="","",_xlfn.xlookup($C63,'Hiker Food'!$C:$C,'Hiker Food'!U:U))} | R63: {=if($C63="","",_xlfn.xlookup($C63,'Hiker Food'!$C:$C,'Hiker Food'!V:V))} | S63: {=if($C63="","",_xlfn.xlookup($C63,'Hiker Food'!$C:$C,'Hiker Food'!W:W))}
B64: Dessert | D64: 1 | E64: {=if(C64="","",_xlfn.xlookup(C64,'Hiker Food'!$C:$C,'Hiker Food'!G:G)*D64)} | F64: {=if(C64="","",_xlfn.xlookup(C64,'Hiker Food'!$C:$C,'Hiker Food'!H:H)*D64)} | G64: {=if($C64="","",_xlfn.xlookup($C64,'Hiker Food'!$C:$C,'Hiker Food'!J:J)*$D64)} | H64: {=if($C64="","",_xlfn.xlookup($C64,'Hiker Food'!$C:$C,'Hiker Food'!K:K)*$D64)} | I64: {=if($C64="","",_xlfn.xlookup($C64,'Hiker Food'!$C:$C,'Hiker Food'!L:L)*$D64)} | J64: {=if($C64="","",_xlfn.xlookup($C64,'Hiker Food'!$C:$C,'Hiker Food'!M:M)*$D64)} | K64: {=if($C64="","",_xlfn.xlookup($C64,'Hiker Food'!$C:$C,'Hiker Food'!N:N)*$D64)} | L64: {=if($C64="","",_xlfn.xlookup($C64,'Hiker Food'!$C:$C,'Hiker Food'!O:O)*$D64)} | M64: {=if($C64="","",_xlfn.xlookup($C64,'Hiker Food'!$C:$C,'Hiker Food'!P:P)*$D64)} | N64: {=if($C64="","",_xlfn.xlookup($C64,'Hiker Food'!$C:$C,'Hiker Food'!Q:Q)*$D64)} | O64: {=if($C64="","",_xlfn.xlookup($C64,'Hiker Food'!$C:$C,'Hiker Food'!I:I)*$D64)} | P64: {=if($C64="","",_xlfn.xlookup($C64,'Hiker Food'!$C:$C,'Hiker Food'!T:T))} | Q64: {=if($C64="","",_xlfn.xlookup($C64,'Hiker Food'!$C:$C,'Hiker Food'!U:U))} | R64: {=if($C64="","",_xlfn.xlookup($C64,'Hiker Food'!$C:$C,'Hiker Food'!V:V))} | S64: {=if($C64="","",_xlfn.xlookup($C64,'Hiker Food'!$C:$C,'Hiker Food'!W:W))} | T64: Dessert | U64: =if(C64="","",Y64/V64) | V64: =if($C64="","",sum(E64:E66)) | W64: =if($C64="","",$Y64/X64) | X64: =if($C64="","",sum(F64:F66)) | Y64: =if($C64="","",sum(O64:O66)) | Z64: =if($C64="","",(sum(J64:J66)/sum(N64:N66))) | AA64: =if($C64="","",sum(G64:G66)*9/sum(sum(G64:G66)*9+sum(J64:J66)*4+sum(N64:N66)*4)) | AB64: =if($C64="","",sum(L64:L66)*4/sum(sum(G64:G66)*9+sum(J64:J66)*4+sum(N64:N66)*4)) | AC64: =if($C64="","",(sum(H64:H66)/sum(O64:O66)))
D65: 1 | E65: {=if(C65="","",_xlfn.xlookup(C65,'Hiker Food'!$C:$C,'Hiker Food'!G:G)*D65)} | F65: {=if(C65="","",_xlfn.xlookup(C65,'Hiker Food'!$C:$C,'Hiker Food'!H:H)*D65)} | G65: {=if($C65="","",_xlfn.xlookup($C65,'Hiker Food'!$C:$C,'Hiker Food'!J:J)*$D65)} | H65: {=if($C65="","",_xlfn.xlookup($C65,'Hiker Food'!$C:$C,'Hiker Food'!K:K)*$D65)} | I65: {=if($C65="","",_xlfn.xlookup($C65,'Hiker Food'!$C:$C,'Hiker Food'!L:L)*$D65)} | J65: {=if($C65="","",_xlfn.xlookup($C65,'Hiker Food'!$C:$C,'Hiker Food'!M:M)*$D65)} | K65: {=if($C65="","",_xlfn.xlookup($C65,'Hiker Food'!$C:$C,'Hiker Food'!N:N)*$D65)} | L65: {=if($C65="","",_xlfn.xlookup($C65,'Hiker Food'!$C:$C,'Hiker Food'!O:O)*$D65)} | M65: {=if($C65="","",_xlfn.xlookup($C65,'Hiker Food'!$C:$C,'Hiker Food'!P:P)*$D65)} | N65: {=if($C65="","",_xlfn.xlookup($C65,'Hiker Food'!$C:$C,'Hiker Food'!Q:Q)*$D65)} | O65: {=if($C65="","",_xlfn.xlookup($C65,'Hiker Food'!$C:$C,'Hiker Food'!I:I)*$D65)} | P65: {=if($C65="","",_xlfn.xlookup($C65,'Hiker Food'!$C:$C,'Hiker Food'!T:T))} | Q65: {=if($C65="","",_xlfn.xlookup($C65,'Hiker Food'!$C:$C,'Hiker Food'!U:U))} | R65: {=if($C65="","",_xlfn.xlookup($C65,'Hiker Food'!$C:$C,'Hiker Food'!V:V))} | S65: {=if($C65="","",_xlfn.xlookup($C65,'Hiker Food'!$C:$C,'Hiker Food'!W:W))}
D66: 1 | E66: {=if(C66="","",_xlfn.xlookup(C66,'Hiker Food'!$C:$C,'Hiker Food'!G:G)*D66)} | F66: {=if(C66="","",_xlfn.xlookup(C66,'Hiker Food'!$C:$C,'Hiker Food'!H:H)*D66)} | G66: {=if($C66="","",_xlfn.xlookup($C66,'Hiker Food'!$C:$C,'Hiker Food'!J:J)*$D66)} | H66: {=if($C66="","",_xlfn.xlookup($C66,'Hiker Food'!$C:$C,'Hiker Food'!K:K)*$D66)} | I66: {=if($C66="","",_xlfn.xlookup($C66,'Hiker Food'!$C:$C,'Hiker Food'!L:L)*$D66)} | J66: {=if($C66="","",_xlfn.xlookup($C66,'Hiker Food'!$C:$C,'Hiker Food'!M:M)*$D66)} | K66: {=if($C66="","",_xlfn.xlookup($C66,'Hiker Food'!$C:$C,'Hiker Food'!N:N)*$D66)} | L66: {=if($C66="","",_xlfn.xlookup($C66,'Hiker Food'!$C:$C,'Hiker Food'!O:O)*$D66)} | M66: {=if($C66="","",_xlfn.xlookup($C66,'Hiker Food'!$C:$C,'Hiker Food'!P:P)*$D66)} | N66: {=if($C66="","",_xlfn.xlookup($C66,'Hiker Food'!$C:$C,'Hiker Food'!Q:Q)*$D66)} | O66: {=if($C66="","",_xlfn.xlookup($C66,'Hiker Food'!$C:$C,'Hiker Food'!I:I)*$D66)} | P66: {=if($C66="","",_xlfn.xlookup($C66,'Hiker Food'!$C:$C,'Hiker Food'!T:T))} | Q66: {=if($C66="","",_xlfn.xlookup($C66,'Hiker Food'!$C:$C,'Hiker Food'!U:U))} | R66: {=if($C66="","",_xlfn.xlookup($C66,'Hiker Food'!$C:$C,'Hiker Food'!V:V))} | S66: {=if($C66="","",_xlfn.xlookup($C66,'Hiker Food'!$C:$C,'Hiker Food'!W:W))}
B67: Total | C67: =IF(COUNTIF(C46:C66,"")=COUNTA(C46:C66), "", "zzzz - subtotal line - ignore") -> zzzz - subtotal line - ignore | E67: =if(counta($C46:$C66)=0,"",SUM(E46:E66)) | F67: =if(counta($C46:$C66)=0,"",SUM(F46:F66)) | G67: =if(counta($C46:$C66)=0,"",SUM(G46:G66)) | H67: =if(counta($C46:$C66)=0,"",SUM(H46:H66)) | I67: =if(counta($C46:$C66)=0,"",SUM(I46:I66)) | J67: =if(counta($C46:$C66)=0,"",SUM(J46:J66)) | K67: =if(counta($C46:$C66)=0,"",SUM(K46:K66)) | L67: =if(counta($C46:$C66)=0,"",SUM(L46:L66)) | ... O67: =if(counta($C46:$C66)=0,"",SUM(O46:O66)) | T67: Total | V67: =if(counta($C46:$C66)=0,"",SUM(E46:E66)) | X67: =if(counta($C46:$C66)=0,"",SUM(F46:F66)) | Y67: =if(counta($C46:$C66)=0,"",SUM(O46:O66)) | Z67: =if($V67="","",sum(J46:J66)/sum(N46:N66)) | AA67: =if($V67="","",sum(G46:G66)*9/sum(sum(G46:G66)*9+sum(J46:J66)*4+sum(N46:N66)*4)) | AB67: =if($V67="","",sum(L46:L66)*4/sum(sum(G46:G66)*9+sum(J46:J66)*4+sum(N46:N66)*4)) | AC67: =if($V67="","",sum(H46:H66)/sum(O46:O66))
A68: 4 | B68: Breakfast | D68: 1 | E68: {=if(C68="","",_xlfn.xlookup(C68,'Hiker Food'!$C:$C,'Hiker Food'!G:G)*D68)} | F68: {=if(C68="","",_xlfn.xlookup(C68,'Hiker Food'!$C:$C,'Hiker Food'!H:H)*D68)} | G68: {=if($C68="","",_xlfn.xlookup($C68,'Hiker Food'!$C:$C,'Hiker Food'!J:J)*$D68)} | H68: {=if($C68="","",_xlfn.xlookup($C68,'Hiker Food'!$C:$C,'Hiker Food'!K:K)*$D68)} | I68: {=if($C68="","",_xlfn.xlookup($C68,'Hiker Food'!$C:$C,'Hiker Food'!L:L)*$D68)} | J68: {=if($C68="","",_xlfn.xlookup($C68,'Hiker Food'!$C:$C,'Hiker Food'!M:M)*$D68)} | K68: {=if($C68="","",_xlfn.xlookup($C68,'Hiker Food'!$C:$C,'Hiker Food'!N:N)*$D68)} | L68: {=if($C68="","",_xlfn.xlookup($C68,'Hiker Food'!$C:$C,'Hiker Food'!O:O)*$D68)} | M68: {=if($C68="","",_xlfn.xlookup($C68,'Hiker Food'!$C:$C,'Hiker Food'!P:P)*$D68)} | N68: {=if($C68="","",_xlfn.xlookup($C68,'Hiker Food'!$C:$C,'Hiker Food'!Q:Q)*$D68)} | O68: {=if($C68="","",_xlfn.xlookup($C68,'Hiker Food'!$C:$C,'Hiker Food'!I:I)*$D68)} | P68: {=if($C68="","",_xlfn.xlookup($C68,'Hiker Food'!$C:$C,'Hiker Food'!T:T))} | Q68: {=if($C68="","",_xlfn.xlookup($C68,'Hiker Food'!$C:$C,'Hiker Food'!U:U))} | R68: {=if($C68="","",_xlfn.xlookup($C68,'Hiker Food'!$C:$C,'Hiker Food'!V:V))} | S68: {=if($C68="","",_xlfn.xlookup($C68,'Hiker Food'!$C:$C,'Hiker Food'!W:W))} | T68: Breakfast | U68: =if($C68="","",$Y68/V68) | V68: =if($C68="","",sum(E68:E70)) | W68: =if($C68="","",$Y68/X68) | X68: =if($C68="","",sum(F68:F70)) | Y68: =if($C68="","",sum(O68:O70)) | Z68: =if($C68="","",(sum(J68:J70)/sum(N68:N70))) | AA68: =if($C68="","",sum(G68:G70)*9/sum(sum(G68:G70)*9+sum(J68:J70)*4+sum(N68:N70)*4)) | AB68: =if($C68="","",sum(L68:L70)*4/sum(sum(G68:G70)*9+sum(J68:J70)*4+sum(N68:N70)*4)) | AC68: =if($C68="","",(sum(H68:H70)/sum(O68:O70)))
D69: 1 | E69: {=if(C69="","",_xlfn.xlookup(C69,'Hiker Food'!$C:$C,'Hiker Food'!G:G)*D69)} | F69: {=if(C69="","",_xlfn.xlookup(C69,'Hiker Food'!$C:$C,'Hiker Food'!H:H)*D69)} | G69: {=if($C69="","",_xlfn.xlookup($C69,'Hiker Food'!$C:$C,'Hiker Food'!J:J)*$D69)} | H69: {=if($C69="","",_xlfn.xlookup($C69,'Hiker Food'!$C:$C,'Hiker Food'!K:K)*$D69)} | I69: {=if($C69="","",_xlfn.xlookup($C69,'Hiker Food'!$C:$C,'Hiker Food'!L:L)*$D69)} | J69: {=if($C69="","",_xlfn.xlookup($C69,'Hiker Food'!$C:$C,'Hiker Food'!M:M)*$D69)} | K69: {=if($C69="","",_xlfn.xlookup($C69,'Hiker Food'!$C:$C,'Hiker Food'!N:N)*$D69)} | L69: {=if($C69="","",_xlfn.xlookup($C69,'Hiker Food'!$C:$C,'Hiker Food'!O:O)*$D69)} | M69: {=if($C69="","",_xlfn.xlookup($C69,'Hiker Food'!$C:$C,'Hiker Food'!P:P)*$D69)} | N69: {=if($C69="","",_xlfn.xlookup($C69,'Hiker Food'!$C:$C,'Hiker Food'!Q:Q)*$D69)} | O69: {=if($C69="","",_xlfn.xlookup($C69,'Hiker Food'!$C:$C,'Hiker Food'!I:I)*$D69)} | P69: {=if($C69="","",_xlfn.xlookup($C69,'Hiker Food'!$C:$C,'Hiker Food'!T:T))} | Q69: {=if($C69="","",_xlfn.xlookup($C69,'Hiker Food'!$C:$C,'Hiker Food'!U:U))} | R69: {=if($C69="","",_xlfn.xlookup($C69,'Hiker Food'!$C:$C,'Hiker Food'!V:V))} | S69: {=if($C69="","",_xlfn.xlookup($C69,'Hiker Food'!$C:$C,'Hiker Food'!W:W))}
D70: 1 | E70: {=if(C70="","",_xlfn.xlookup(C70,'Hiker Food'!$C:$C,'Hiker Food'!G:G)*D70)} | F70: {=if(C70="","",_xlfn.xlookup(C70,'Hiker Food'!$C:$C,'Hiker Food'!H:H)*D70)} | G70: {=if($C70="","",_xlfn.xlookup($C70,'Hiker Food'!$C:$C,'Hiker Food'!J:J)*$D70)} | H70: {=if($C70="","",_xlfn.xlookup($C70,'Hiker Food'!$C:$C,'Hiker Food'!K:K)*$D70)} | I70: {=if($C70="","",_xlfn.xlookup($C70,'Hiker Food'!$C:$C,'Hiker Food'!L:L)*$D70)} | J70: {=if($C70="","",_xlfn.xlookup($C70,'Hiker Food'!$C:$C,'Hiker Food'!M:M)*$D70)} | K70: {=if($C70="","",_xlfn.xlookup($C70,'Hiker Food'!$C:$C,'Hiker Food'!N:N)*$D70)} | L70: {=if($C70="","",_xlfn.xlookup($C70,'Hiker Food'!$C:$C,'Hiker Food'!O:O)*$D70)} | M70: {=if($C70="","",_xlfn.xlookup($C70,'Hiker Food'!$C:$C,'Hiker Food'!P:P)*$D70)} | N70: {=if($C70="","",_xlfn.xlookup($C70,'Hiker Food'!$C:$C,'Hiker Food'!Q:Q)*$D70)} | O70: {=if($C70="","",_xlfn.xlookup($C70,'Hiker Food'!$C:$C,'Hiker Food'!I:I)*$D70)} | P70: {=if($C70="","",_xlfn.xlookup($C70,'Hiker Food'!$C:$C,'Hiker Food'!T:T))} | Q70: {=if($C70="","",_xlfn.xlookup($C70,'Hiker Food'!$C:$C,'Hiker Food'!U:U))} | R70: {=if($C70="","",_xlfn.xlookup($C70,'Hiker Food'!$C:$C,'Hiker Food'!V:V))} | S70: {=if($C70="","",_xlfn.xlookup($C70,'Hiker Food'!$C:$C,'Hiker Food'!W:W))}
B71: Morning Snacks | D71: 2 | E71: {=if(C71="","",_xlfn.xlookup(C71,'Hiker Food'!$C:$C,'Hiker Food'!G:G)*D71)} | F71: {=if(C71="","",_xlfn.xlookup(C71,'Hiker Food'!$C:$C,'Hiker Food'!H:H)*D71)} | G71: {=if($C71="","",_xlfn.xlookup($C71,'Hiker Food'!$C:$C,'Hiker Food'!J:J)*$D71)} | H71: {=if($C71="","",_xlfn.xlookup($C71,'Hiker Food'!$C:$C,'Hiker Food'!K:K)*$D71)} | I71: {=if($C71="","",_xlfn.xlookup($C71,'Hiker Food'!$C:$C,'Hiker Food'!L:L)*$D71)} | J71: {=if($C71="","",_xlfn.xlookup($C71,'Hiker Food'!$C:$C,'Hiker Food'!M:M)*$D71)} | K71: {=if($C71="","",_xlfn.xlookup($C71,'Hiker Food'!$C:$C,'Hiker Food'!N:N)*$D71)} | L71: {=if($C71="","",_xlfn.xlookup($C71,'Hiker Food'!$C:$C,'Hiker Food'!O:O)*$D71)} | M71: {=if($C71="","",_xlfn.xlookup($C71,'Hiker Food'!$C:$C,'Hiker Food'!P:P)*$D71)} | N71: {=if($C71="","",_xlfn.xlookup($C71,'Hiker Food'!$C:$C,'Hiker Food'!Q:Q)*$D71)} | O71: {=if($C71="","",_xlfn.xlookup($C71,'Hiker Food'!$C:$C,'Hiker Food'!I:I)*$D71)} | P71: {=if($C71="","",_xlfn.xlookup($C71,'Hiker Food'!$C:$C,'Hiker Food'!T:T))} | Q71: {=if($C71="","",_xlfn.xlookup($C71,'Hiker Food'!$C:$C,'Hiker Food'!U:U))} | R71: {=if($C71="","",_xlfn.xlookup($C71,'Hiker Food'!$C:$C,'Hiker Food'!V:V))} | S71: {=if($C71="","",_xlfn.xlookup($C71,'Hiker Food'!$C:$C,'Hiker Food'!W:W))} | T71: Morning Snacks | U71: =if(C71="","",Y71/V71) | V71: =if($C71="","",sum(E71:E73)) | W71: =if($C71="","",$Y71/X71) | X71: =if($C71="","",sum(F71:F73)) | Y71: =if($C71="","",sum(O71:O73)) | Z71: =if($C71="","",(sum(J71:J73)/sum(N71:N73))) | AA71: =if($C71="","",sum(G71:G73)*9/sum(sum(G71:G73)*9+sum(J71:J73)*4+sum(N71:N73)*4)) | AB71: =if($C71="","",sum(L71:L73)*4/sum(sum(G71:G73)*9+sum(J71:J73)*4+sum(N71:N73)*4)) | AC71: =if($C71="","",(sum(H71:H73)/sum(O71:O73)))
D72: 2 | E72: {=if(C72="","",_xlfn.xlookup(C72,'Hiker Food'!$C:$C,'Hiker Food'!G:G)*D72)} | F72: {=if(C72="","",_xlfn.xlookup(C72,'Hiker Food'!$C:$C,'Hiker Food'!H:H)*D72)} | G72: {=if($C72="","",_xlfn.xlookup($C72,'Hiker Food'!$C:$C,'Hiker Food'!J:J)*$D72)} | H72: {=if($C72="","",_xlfn.xlookup($C72,'Hiker Food'!$C:$C,'Hiker Food'!K:K)*$D72)} | I72: {=if($C72="","",_xlfn.xlookup($C72,'Hiker Food'!$C:$C,'Hiker Food'!L:L)*$D72)} | J72: {=if($C72="","",_xlfn.xlookup($C72,'Hiker Food'!$C:$C,'Hiker Food'!M:M)*$D72)} | K72: {=if($C72="","",_xlfn.xlookup($C72,'Hiker Food'!$C:$C,'Hiker Food'!N:N)*$D72)} | L72: {=if($C72="","",_xlfn.xlookup($C72,'Hiker Food'!$C:$C,'Hiker Food'!O:O)*$D72)} | M72: {=if($C72="","",_xlfn.xlookup($C72,'Hiker Food'!$C:$C,'Hiker Food'!P:P)*$D72)} | N72: {=if($C72="","",_xlfn.xlookup($C72,'Hiker Food'!$C:$C,'Hiker Food'!Q:Q)*$D72)} | O72: {=if($C72="","",_xlfn.xlookup($C72,'Hiker Food'!$C:$C,'Hiker Food'!I:I)*$D72)} | P72: {=if($C72="","",_xlfn.xlookup($C72,'Hiker Food'!$C:$C,'Hiker Food'!T:T))} | Q72: {=if($C72="","",_xlfn.xlookup($C72,'Hiker Food'!$C:$C,'Hiker Food'!U:U))} | R72: {=if($C72="","",_xlfn.xlookup($C72,'Hiker Food'!$C:$C,'Hiker Food'!V:V))} | S72: {=if($C72="","",_xlfn.xlookup($C72,'Hiker Food'!$C:$C,'Hiker Food'!W:W))}
D73: 1 | E73: {=if(C73="","",_xlfn.xlookup(C73,'Hiker Food'!$C:$C,'Hiker Food'!G:G)*D73)} | F73: {=if(C73="","",_xlfn.xlookup(C73,'Hiker Food'!$C:$C,'Hiker Food'!H:H)*D73)} | G73: {=if($C73="","",_xlfn.xlookup($C73,'Hiker Food'!$C:$C,'Hiker Food'!J:J)*$D73)} | H73: {=if($C73="","",_xlfn.xlookup($C73,'Hiker Food'!$C:$C,'Hiker Food'!K:K)*$D73)} | I73: {=if($C73="","",_xlfn.xlookup($C73,'Hiker Food'!$C:$C,'Hiker Food'!L:L)*$D73)} | J73: {=if($C73="","",_xlfn.xlookup($C73,'Hiker Food'!$C:$C,'Hiker Food'!M:M)*$D73)} | K73: {=if($C73="","",_xlfn.xlookup($C73,'Hiker Food'!$C:$C,'Hiker Food'!N:N)*$D73)} | L73: {=if($C73="","",_xlfn.xlookup($C73,'Hiker Food'!$C:$C,'Hiker Food'!O:O)*$D73)} | M73: {=if($C73="","",_xlfn.xlookup($C73,'Hiker Food'!$C:$C,'Hiker Food'!P:P)*$D73)} | N73: {=if($C73="","",_xlfn.xlookup($C73,'Hiker Food'!$C:$C,'Hiker Food'!Q:Q)*$D73)} | O73: {=if($C73="","",_xlfn.xlookup($C73,'Hiker Food'!$C:$C,'Hiker Food'!I:I)*$D73)} | P73: {=if($C73="","",_xlfn.xlookup($C73,'Hiker Food'!$C:$C,'Hiker Food'!T:T))} | Q73: {=if($C73="","",_xlfn.xlookup($C73,'Hiker Food'!$C:$C,'Hiker Food'!U:U))} | R73: {=if($C73="","",_xlfn.xlookup($C73,'Hiker Food'!$C:$C,'Hiker Food'!V:V))} | S73: {=if($C73="","",_xlfn.xlookup($C73,'Hiker Food'!$C:$C,'Hiker Food'!W:W))}
B74: Lunch | D74: 3 | E74: {=if(C74="","",_xlfn.xlookup(C74,'Hiker Food'!$C:$C,'Hiker Food'!G:G)*D74)} | F74: {=if(C74="","",_xlfn.xlookup(C74,'Hiker Food'!$C:$C,'Hiker Food'!H:H)*D74)} | G74: {=if($C74="","",_xlfn.xlookup($C74,'Hiker Food'!$C:$C,'Hiker Food'!J:J)*$D74)} | H74: {=if($C74="","",_xlfn.xlookup($C74,'Hiker Food'!$C:$C,'Hiker Food'!K:K)*$D74)} | I74: {=if($C74="","",_xlfn.xlookup($C74,'Hiker Food'!$C:$C,'Hiker Food'!L:L)*$D74)} | J74: {=if($C74="","",_xlfn.xlookup($C74,'Hiker Food'!$C:$C,'Hiker Food'!M:M)*$D74)} | K74: {=if($C74="","",_xlfn.xlookup($C74,'Hiker Food'!$C:$C,'Hiker Food'!N:N)*$D74)} | L74: {=if($C74="","",_xlfn.xlookup($C74,'Hiker Food'!$C:$C,'Hiker Food'!O:O)*$D74)} | M74: {=if($C74="","",_xlfn.xlookup($C74,'Hiker Food'!$C:$C,'Hiker Food'!P:P)*$D74)} | N74: {=if($C74="","",_xlfn.xlookup($C74,'Hiker Food'!$C:$C,'Hiker Food'!Q:Q)*$D74)} | O74: {=if($C74="","",_xlfn.xlookup($C74,'Hiker Food'!$C:$C,'Hiker Food'!I:I)*$D74)} | P74: {=if($C74="","",_xlfn.xlookup($C74,'Hiker Food'!$C:$C,'Hiker Food'!T:T))} | Q74: {=if($C74="","",_xlfn.xlookup($C74,'Hiker Food'!$C:$C,'Hiker Food'!U:U))} | R74: {=if($C74="","",_xlfn.xlookup($C74,'Hiker Food'!$C:$C,'Hiker Food'!V:V))} | S74: {=if($C74="","",_xlfn.xlookup($C74,'Hiker Food'!$C:$C,'Hiker Food'!W:W))} | T74: Lunch | U74: =if(C74="","",Y74/V74) | V74: =if($C74="","",sum(E74:E76)) | W74: =if($C74="","",$Y74/X74) | X74: =if($C74="","",sum(F74:F76)) | Y74: =if($C74="","",sum(O74:O76)) | Z74: =if($C74="","",(sum(J74:J76)/sum(N74:N76))) | AA74: =if($C74="","",sum(G74:G76)*9/sum(sum(G74:G76)*9+sum(J74:J76)*4+sum(N74:N76)*4)) | AB74: =if($C74="","",sum(L74:L76)*4/sum(sum(G74:G76)*9+sum(J74:J76)*4+sum(N74:N76)*4)) | AC74: =if($C74="","",(sum(H74:H76)/sum(O74:O76)))
D75: 3 | E75: {=if(C75="","",_xlfn.xlookup(C75,'Hiker Food'!$C:$C,'Hiker Food'!G:G)*D75)} | F75: {=if(C75="","",_xlfn.xlookup(C75,'Hiker Food'!$C:$C,'Hiker Food'!H:H)*D75)} | G75: {=if($C75="","",_xlfn.xlookup($C75,'Hiker Food'!$C:$C,'Hiker Food'!J:J)*$D75)} | H75: {=if($C75="","",_xlfn.xlookup($C75,'Hiker Food'!$C:$C,'Hiker Food'!K:K)*$D75)} | I75: {=if($C75="","",_xlfn.xlookup($C75,'Hiker Food'!$C:$C,'Hiker Food'!L:L)*$D75)} | J75: {=if($C75="","",_xlfn.xlookup($C75,'Hiker Food'!$C:$C,'Hiker Food'!M:M)*$D75)} | K75: {=if($C75="","",_xlfn.xlookup($C75,'Hiker Food'!$C:$C,'Hiker Food'!N:N)*$D75)} | L75: {=if($C75="","",_xlfn.xlookup($C75,'Hiker Food'!$C:$C,'Hiker Food'!O:O)*$D75)} | M75: {=if($C75="","",_xlfn.xlookup($C75,'Hiker Food'!$C:$C,'Hiker Food'!P:P)*$D75)} | N75: {=if($C75="","",_xlfn.xlookup($C75,'Hiker Food'!$C:$C,'Hiker Food'!Q:Q)*$D75)} | O75: {=if($C75="","",_xlfn.xlookup($C75,'Hiker Food'!$C:$C,'Hiker Food'!I:I)*$D75)} | P75: {=if($C75="","",_xlfn.xlookup($C75,'Hiker Food'!$C:$C,'Hiker Food'!T:T))} | Q75: {=if($C75="","",_xlfn.xlookup($C75,'Hiker Food'!$C:$C,'Hiker Food'!U:U))} | R75: {=if($C75="","",_xlfn.xlookup($C75,'Hiker Food'!$C:$C,'Hiker Food'!V:V))} | S75: {=if($C75="","",_xlfn.xlookup($C75,'Hiker Food'!$C:$C,'Hiker Food'!W:W))}
D76: 1 | E76: {=if(C76="","",_xlfn.xlookup(C76,'Hiker Food'!$C:$C,'Hiker Food'!G:G)*D76)} | F76: {=if(C76="","",_xlfn.xlookup(C76,'Hiker Food'!$C:$C,'Hiker Food'!H:H)*D76)} | G76: {=if($C76="","",_xlfn.xlookup($C76,'Hiker Food'!$C:$C,'Hiker Food'!J:J)*$D76)} | H76: {=if($C76="","",_xlfn.xlookup($C76,'Hiker Food'!$C:$C,'Hiker Food'!K:K)*$D76)} | I76: {=if($C76="","",_xlfn.xlookup($C76,'Hiker Food'!$C:$C,'Hiker Food'!L:L)*$D76)} | J76: {=if($C76="","",_xlfn.xlookup($C76,'Hiker Food'!$C:$C,'Hiker Food'!M:M)*$D76)} | K76: {=if($C76="","",_xlfn.xlookup($C76,'Hiker Food'!$C:$C,'Hiker Food'!N:N)*$D76)} | L76: {=if($C76="","",_xlfn.xlookup($C76,'Hiker Food'!$C:$C,'Hiker Food'!O:O)*$D76)} | M76: {=if($C76="","",_xlfn.xlookup($C76,'Hiker Food'!$C:$C,'Hiker Food'!P:P)*$D76)} | N76: {=if($C76="","",_xlfn.xlookup($C76,'Hiker Food'!$C:$C,'Hiker Food'!Q:Q)*$D76)} | O76: {=if($C76="","",_xlfn.xlookup($C76,'Hiker Food'!$C:$C,'Hiker Food'!I:I)*$D76)} | P76: {=if($C76="","",_xlfn.xlookup($C76,'Hiker Food'!$C:$C,'Hiker Food'!T:T))} | Q76: {=if($C76="","",_xlfn.xlookup($C76,'Hiker Food'!$C:$C,'Hiker Food'!U:U))} | R76: {=if($C76="","",_xlfn.xlookup($C76,'Hiker Food'!$C:$C,'Hiker Food'!V:V))} | S76: {=if($C76="","",_xlfn.xlookup($C76,'Hiker Food'!$C:$C,'Hiker Food'!W:W))}
B77: Afternoon Snacks | D77: 1 | E77: {=if(C77="","",_xlfn.xlookup(C77,'Hiker Food'!$C:$C,'Hiker Food'!G:G)*D77)} | F77: {=if(C77="","",_xlfn.xlookup(C77,'Hiker Food'!$C:$C,'Hiker Food'!H:H)*D77)} | G77: {=if($C77="","",_xlfn.xlookup($C77,'Hiker Food'!$C:$C,'Hiker Food'!J:J)*$D77)} | H77: {=if($C77="","",_xlfn.xlookup($C77,'Hiker Food'!$C:$C,'Hiker Food'!K:K)*$D77)} | I77: {=if($C77="","",_xlfn.xlookup($C77,'Hiker Food'!$C:$C,'Hiker Food'!L:L)*$D77)} | J77: {=if($C77="","",_xlfn.xlookup($C77,'Hiker Food'!$C:$C,'Hiker Food'!M:M)*$D77)} | K77: {=if($C77="","",_xlfn.xlookup($C77,'Hiker Food'!$C:$C,'Hiker Food'!N:N)*$D77)} | L77: {=if($C77="","",_xlfn.xlookup($C77,'Hiker Food'!$C:$C,'Hiker Food'!O:O)*$D77)} | M77: {=if($C77="","",_xlfn.xlookup($C77,'Hiker Food'!$C:$C,'Hiker Food'!P:P)*$D77)} | N77: {=if($C77="","",_xlfn.xlookup($C77,'Hiker Food'!$C:$C,'Hiker Food'!Q:Q)*$D77)} | O77: {=if($C77="","",_xlfn.xlookup($C77,'Hiker Food'!$C:$C,'Hiker Food'!I:I)*$D77)} | P77: {=if($C77="","",_xlfn.xlookup($C77,'Hiker Food'!$C:$C,'Hiker Food'!T:T))} | Q77: {=if($C77="","",_xlfn.xlookup($C77,'Hiker Food'!$C:$C,'Hiker Food'!U:U))} | R77: {=if($C77="","",_xlfn.xlookup($C77,'Hiker Food'!$C:$C,'Hiker Food'!V:V))} | S77: {=if($C77="","",_xlfn.xlookup($C77,'Hiker Food'!$C:$C,'Hiker Food'!W:W))} | T77: Afternoon Snacks | U77: =if(C77="","",Y77/V77) | V77: =if($C77="","",sum(E77:E79)) | W77: =if($C77="","",$Y77/X77) | X77: =if($C77="","",sum(F77:F79)) | Y77: =if($C77="","",sum(O77:O79)) | Z77: =if($C77="","",(sum(J77:J79)/sum(N77:N79))) | AA77: =if($C77="","",sum(G77:G79)*9/sum(sum(G77:G79)*9+sum(J77:J79)*4+sum(N77:N79)*4)) | AB77: =if($C77="","",sum(L77:L79)*4/sum(sum(G77:G79)*9+sum(J77:J79)*4+sum(N77:N79)*4)) | AC77: =if($C77="","",(sum(H77:H79)/sum(O77:O79)))
D78: 1 | E78: {=if(C78="","",_xlfn.xlookup(C78,'Hiker Food'!$C:$C,'Hiker Food'!G:G)*D78)} | F78: {=if(C78="","",_xlfn.xlookup(C78,'Hiker Food'!$C:$C,'Hiker Food'!H:H)*D78)} | G78: {=if($C78="","",_xlfn.xlookup($C78,'Hiker Food'!$C:$C,'Hiker Food'!J:J)*$D78)} | H78: {=if($C78="","",_xlfn.xlookup($C78,'Hiker Food'!$C:$C,'Hiker Food'!K:K)*$D78)} | I78: {=if($C78="","",_xlfn.xlookup($C78,'Hiker Food'!$C:$C,'Hiker Food'!L:L)*$D78)} | J78: {=if($C78="","",_xlfn.xlookup($C78,'Hiker Food'!$C:$C,'Hiker Food'!M:M)*$D78)} | K78: {=if($C78="","",_xlfn.xlookup($C78,'Hiker Food'!$C:$C,'Hiker Food'!N:N)*$D78)} | L78: {=if($C78="","",_xlfn.xlookup($C78,'Hiker Food'!$C:$C,'Hiker Food'!O:O)*$D78)} | M78: {=if($C78="","",_xlfn.xlookup($C78,'Hiker Food'!$C:$C,'Hiker Food'!P:P)*$D78)} | N78: {=if($C78="","",_xlfn.xlookup($C78,'Hiker Food'!$C:$C,'Hiker Food'!Q:Q)*$D78)} | O78: {=if($C78="","",_xlfn.xlookup($C78,'Hiker Food'!$C:$C,'Hiker Food'!I:I)*$D78)} | P78: {=if($C78="","",_xlfn.xlookup($C78,'Hiker Food'!$C:$C,'Hiker Food'!T:T))} | Q78: {=if($C78="","",_xlfn.xlookup($C78,'Hiker Food'!$C:$C,'Hiker Food'!U:U))} | R78: {=if($C78="","",_xlfn.xlookup($C78,'Hiker Food'!$C:$C,'Hiker Food'!V:V))} | S78: {=if($C78="","",_xlfn.xlookup($C78,'Hiker Food'!$C:$C,'Hiker Food'!W:W))}
D79: 1 | E79: {=if(C79="","",_xlfn.xlookup(C79,'Hiker Food'!$C:$C,'Hiker Food'!G:G)*D79)} | F79: {=if(C79="","",_xlfn.xlookup(C79,'Hiker Food'!$C:$C,'Hiker Food'!H:H)*D79)} | G79: {=if($C79="","",_xlfn.xlookup($C79,'Hiker Food'!$C:$C,'Hiker Food'!J:J)*$D79)} | H79: {=if($C79="","",_xlfn.xlookup($C79,'Hiker Food'!$C:$C,'Hiker Food'!K:K)*$D79)} | I79: {=if($C79="","",_xlfn.xlookup($C79,'Hiker Food'!$C:$C,'Hiker Food'!L:L)*$D79)} | J79: {=if($C79="","",_xlfn.xlookup($C79,'Hiker Food'!$C:$C,'Hiker Food'!M:M)*$D79)} | K79: {=if($C79="","",_xlfn.xlookup($C79,'Hiker Food'!$C:$C,'Hiker Food'!N:N)*$D79)} | L79: {=if($C79="","",_xlfn.xlookup($C79,'Hiker Food'!$C:$C,'Hiker Food'!O:O)*$D79)} | M79: {=if($C79="","",_xlfn.xlookup($C79,'Hiker Food'!$C:$C,'Hiker Food'!P:P)*$D79)} | N79: {=if($C79="","",_xlfn.xlookup($C79,'Hiker Food'!$C:$C,'Hiker Food'!Q:Q)*$D79)} | O79: {=if($C79="","",_xlfn.xlookup($C79,'Hiker Food'!$C:$C,'Hiker Food'!I:I)*$D79)} | P79: {=if($C79="","",_xlfn.xlookup($C79,'Hiker Food'!$C:$C,'Hiker Food'!T:T))} | Q79: {=if($C79="","",_xlfn.xlookup($C79,'Hiker Food'!$C:$C,'Hiker Food'!U:U))} | R79: {=if($C79="","",_xlfn.xlookup($C79,'Hiker Food'!$C:$C,'Hiker Food'!V:V))} | S79: {=if($C79="","",_xlfn.xlookup($C79,'Hiker Food'!$C:$C,'Hiker Food'!W:W))}
B80: Recovery | D80: 1 | E80: {=if(C80="","",_xlfn.xlookup(C80,'Hiker Food'!$C:$C,'Hiker Food'!G:G)*D80)} | F80: {=if(C80="","",_xlfn.xlookup(C80,'Hiker Food'!$C:$C,'Hiker Food'!H:H)*D80)} | G80: {=if($C80="","",_xlfn.xlookup($C80,'Hiker Food'!$C:$C,'Hiker Food'!J:J)*$D80)} | H80: {=if($C80="","",_xlfn.xlookup($C80,'Hiker Food'!$C:$C,'Hiker Food'!K:K)*$D80)} | I80: {=if($C80="","",_xlfn.xlookup($C80,'Hiker Food'!$C:$C,'Hiker Food'!L:L)*$D80)} | J80: {=if($C80="","",_xlfn.xlookup($C80,'Hiker Food'!$C:$C,'Hiker Food'!M:M)*$D80)} | K80: {=if($C80="","",_xlfn.xlookup($C80,'Hiker Food'!$C:$C,'Hiker Food'!N:N)*$D80)} | L80: {=if($C80="","",_xlfn.xlookup($C80,'Hiker Food'!$C:$C,'Hiker Food'!O:O)*$D80)} | M80: {=if($C80="","",_xlfn.xlookup($C80,'Hiker Food'!$C:$C,'Hiker Food'!P:P)*$D80)} | N80: {=if($C80="","",_xlfn.xlookup($C80,'Hiker Food'!$C:$C,'Hiker Food'!Q:Q)*$D80)} | O80: {=if($C80="","",_xlfn.xlookup($C80,'Hiker Food'!$C:$C,'Hiker Food'!I:I)*$D80)} | P80: {=if($C80="","",_xlfn.xlookup($C80,'Hiker Food'!$C:$C,'Hiker Food'!T:T))} | Q80: {=if($C80="","",_xlfn.xlookup($C80,'Hiker Food'!$C:$C,'Hiker Food'!U:U))} | R80: {=if($C80="","",_xlfn.xlookup($C80,'Hiker Food'!$C:$C,'Hiker Food'!V:V))} | S80: {=if($C80="","",_xlfn.xlookup($C80,'Hiker Food'!$C:$C,'Hiker Food'!W:W))} | T80: Recovery | U80: =if(C80="","",Y80/V80) | V80: =if($C80="","",sum(E80:E82)) | W80: =if($C80="","",$Y80/X80) | X80: =if($C80="","",sum(F80:F82)) | Y80: =if($C80="","",sum(O80:O82)) | Z80: =if($C80="","",(sum(J80:J82)/sum(N80:N82))) | AA80: =if($C80="","",sum(G80:G82)*9/sum(sum(G80:G82)*9+sum(J80:J82)*4+sum(N80:N82)*4)) | AB80: =if($C80="","",sum(L80:L82)*4/sum(sum(G80:G82)*9+sum(J80:J82)*4+sum(N80:N82)*4)) | AC80: =if($C80="","",(sum(H80:H82)/sum(O80:O82)))
D81: 1 | E81: {=if(C81="","",_xlfn.xlookup(C81,'Hiker Food'!$C:$C,'Hiker Food'!G:G)*D81)} | F81: {=if(C81="","",_xlfn.xlookup(C81,'Hiker Food'!$C:$C,'Hiker Food'!H:H)*D81)} | G81: {=if($C81="","",_xlfn.xlookup($C81,'Hiker Food'!$C:$C,'Hiker Food'!J:J)*$D81)} | H81: {=if($C81="","",_xlfn.xlookup($C81,'Hiker Food'!$C:$C,'Hiker Food'!K:K)*$D81)} | I81: {=if($C81="","",_xlfn.xlookup($C81,'Hiker Food'!$C:$C,'Hiker Food'!L:L)*$D81)} | J81: {=if($C81="","",_xlfn.xlookup($C81,'Hiker Food'!$C:$C,'Hiker Food'!M:M)*$D81)} | K81: {=if($C81="","",_xlfn.xlookup($C81,'Hiker Food'!$C:$C,'Hiker Food'!N:N)*$D81)} | L81: {=if($C81="","",_xlfn.xlookup($C81,'Hiker Food'!$C:$C,'Hiker Food'!O:O)*$D81)} | M81: {=if($C81="","",_xlfn.xlookup($C81,'Hiker Food'!$C:$C,'Hiker Food'!P:P)*$D81)} | N81: {=if($C81="","",_xlfn.xlookup($C81,'Hiker Food'!$C:$C,'Hiker Food'!Q:Q)*$D81)} | O81: {=if($C81="","",_xlfn.xlookup($C81,'Hiker Food'!$C:$C,'Hiker Food'!I:I)*$D81)} | P81: {=if($C81="","",_xlfn.xlookup($C81,'Hiker Food'!$C:$C,'Hiker Food'!T:T))} | Q81: {=if($C81="","",_xlfn.xlookup($C81,'Hiker Food'!$C:$C,'Hiker Food'!U:U))} | R81: {=if($C81="","",_xlfn.xlookup($C81,'Hiker Food'!$C:$C,'Hiker Food'!V:V))} | S81: {=if($C81="","",_xlfn.xlookup($C81,'Hiker Food'!$C:$C,'Hiker Food'!W:W))}
D82: 1 | E82: {=if(C82="","",_xlfn.xlookup(C82,'Hiker Food'!$C:$C,'Hiker Food'!G:G)*D82)} | F82: {=if(C82="","",_xlfn.xlookup(C82,'Hiker Food'!$C:$C,'Hiker Food'!H:H)*D82)} | G82: {=if($C82="","",_xlfn.xlookup($C82,'Hiker Food'!$C:$C,'Hiker Food'!J:J)*$D82)} | H82: {=if($C82="","",_xlfn.xlookup($C82,'Hiker Food'!$C:$C,'Hiker Food'!K:K)*$D82)} | I82: {=if($C82="","",_xlfn.xlookup($C82,'Hiker Food'!$C:$C,'Hiker Food'!L:L)*$D82)} | J82: {=if($C82="","",_xlfn.xlookup($C82,'Hiker Food'!$C:$C,'Hiker Food'!M:M)*$D82)} | K82: {=if($C82="","",_xlfn.xlookup($C82,'Hiker Food'!$C:$C,'Hiker Food'!N:N)*$D82)} | L82: {=if($C82="","",_xlfn.xlookup($C82,'Hiker Food'!$C:$C,'Hiker Food'!O:O)*$D82)} | M82: {=if($C82="","",_xlfn.xlookup($C82,'Hiker Food'!$C:$C,'Hiker Food'!P:P)*$D82)} | N82: {=if($C82="","",_xlfn.xlookup($C82,'Hiker Food'!$C:$C,'Hiker Food'!Q:Q)*$D82)} | O82: {=if($C82="","",_xlfn.xlookup($C82,'Hiker Food'!$C:$C,'Hiker Food'!I:I)*$D82)} | P82: {=if($C82="","",_xlfn.xlookup($C82,'Hiker Food'!$C:$C,'Hiker Food'!T:T))} | Q82: {=if($C82="","",_xlfn.xlookup($C82,'Hiker Food'!$C:$C,'Hiker Food'!U:U))} | R82: {=if($C82="","",_xlfn.xlookup($C82,'Hiker Food'!$C:$C,'Hiker Food'!V:V))} | S82: {=if($C82="","",_xlfn.xlookup($C82,'Hiker Food'!$C:$C,'Hiker Food'!W:W))}
B83: Dinner | D83: 1 | E83: {=if(C83="","",_xlfn.xlookup(C83,'Hiker Food'!$C:$C,'Hiker Food'!G:G)*D83)} | F83: {=if(C83="","",_xlfn.xlookup(C83,'Hiker Food'!$C:$C,'Hiker Food'!H:H)*D83)} | G83: {=if($C83="","",_xlfn.xlookup($C83,'Hiker Food'!$C:$C,'Hiker Food'!J:J)*$D83)} | H83: {=if($C83="","",_xlfn.xlookup($C83,'Hiker Food'!$C:$C,'Hiker Food'!K:K)*$D83)} | I83: {=if($C83="","",_xlfn.xlookup($C83,'Hiker Food'!$C:$C,'Hiker Food'!L:L)*$D83)} | J83: {=if($C83="","",_xlfn.xlookup($C83,'Hiker Food'!$C:$C,'Hiker Food'!M:M)*$D83)} | K83: {=if($C83="","",_xlfn.xlookup($C83,'Hiker Food'!$C:$C,'Hiker Food'!N:N)*$D83)} | L83: {=if($C83="","",_xlfn.xlookup($C83,'Hiker Food'!$C:$C,'Hiker Food'!O:O)*$D83)} | M83: {=if($C83="","",_xlfn.xlookup($C83,'Hiker Food'!$C:$C,'Hiker Food'!P:P)*$D83)} | N83: {=if($C83="","",_xlfn.xlookup($C83,'Hiker Food'!$C:$C,'Hiker Food'!Q:Q)*$D83)} | O83: {=if($C83="","",_xlfn.xlookup($C83,'Hiker Food'!$C:$C,'Hiker Food'!I:I)*$D83)} | P83: {=if($C83="","",_xlfn.xlookup($C83,'Hiker Food'!$C:$C,'Hiker Food'!T:T))} | Q83: {=if($C83="","",_xlfn.xlookup($C83,'Hiker Food'!$C:$C,'Hiker Food'!U:U))} | R83: {=if($C83="","",_xlfn.xlookup($C83,'Hiker Food'!$C:$C,'Hiker Food'!V:V))} | S83: {=if($C83="","",_xlfn.xlookup($C83,'Hiker Food'!$C:$C,'Hiker Food'!W:W))} | T83: Dinner | U83: =if(C83="","",Y83/V83) | V83: =if($C83="","",sum(E83:E85)) | W83: =if($C83="","",$Y83/X83) | X83: =if($C83="","",sum(F83:F85)) | Y83: =if($C83="","",sum(O83:O85)) | Z83: =if($C83="","",(sum(J83:J85)/sum(N83:N85))) | AA83: =if($C83="","",sum(G83:G85)*9/sum(sum(G83:G85)*9+sum(J83:J85)*4+sum(N83:N85)*4)) | AB83: =if($C83="","",sum(L83:L85)*4/sum(sum(G83:G85)*9+sum(J83:J85)*4+sum(N83:N85)*4)) | AC83: =if($C83="","",(sum(H83:H85)/sum(O83:O85)))
D84: 1 | E84: {=if(C84="","",_xlfn.xlookup(C84,'Hiker Food'!$C:$C,'Hiker Food'!G:G)*D84)} | F84: {=if(C84="","",_xlfn.xlookup(C84,'Hiker Food'!$C:$C,'Hiker Food'!H:H)*D84)} | G84: {=if($C84="","",_xlfn.xlookup($C84,'Hiker Food'!$C:$C,'Hiker Food'!J:J)*$D84)} | H84: {=if($C84="","",_xlfn.xlookup($C84,'Hiker Food'!$C:$C,'Hiker Food'!K:K)*$D84)} | I84: {=if($C84="","",_xlfn.xlookup($C84,'Hiker Food'!$C:$C,'Hiker Food'!L:L)*$D84)} | J84: {=if($C84="","",_xlfn.xlookup($C84,'Hiker Food'!$C:$C,'Hiker Food'!M:M)*$D84)} | K84: {=if($C84="","",_xlfn.xlookup($C84,'Hiker Food'!$C:$C,'Hiker Food'!N:N)*$D84)} | L84: {=if($C84="","",_xlfn.xlookup($C84,'Hiker Food'!$C:$C,'Hiker Food'!O:O)*$D84)} | M84: {=if($C84="","",_xlfn.xlookup($C84,'Hiker Food'!$C:$C,'Hiker Food'!P:P)*$D84)} | N84: {=if($C84="","",_xlfn.xlookup($C84,'Hiker Food'!$C:$C,'Hiker Food'!Q:Q)*$D84)} | O84: {=if($C84="","",_xlfn.xlookup($C84,'Hiker Food'!$C:$C,'Hiker Food'!I:I)*$D84)} | P84: {=if($C84="","",_xlfn.xlookup($C84,'Hiker Food'!$C:$C,'Hiker Food'!T:T))} | Q84: {=if($C84="","",_xlfn.xlookup($C84,'Hiker Food'!$C:$C,'Hiker Food'!U:U))} | R84: {=if($C84="","",_xlfn.xlookup($C84,'Hiker Food'!$C:$C,'Hiker Food'!V:V))} | S84: {=if($C84="","",_xlfn.xlookup($C84,'Hiker Food'!$C:$C,'Hiker Food'!W:W))}
D85: 1 | E85: {=if(C85="","",_xlfn.xlookup(C85,'Hiker Food'!$C:$C,'Hiker Food'!G:G)*D85)} | F85: {=if(C85="","",_xlfn.xlookup(C85,'Hiker Food'!$C:$C,'Hiker Food'!H:H)*D85)} | G85: {=if($C85="","",_xlfn.xlookup($C85,'Hiker Food'!$C:$C,'Hiker Food'!J:J)*$D85)} | H85: {=if($C85="","",_xlfn.xlookup($C85,'Hiker Food'!$C:$C,'Hiker Food'!K:K)*$D85)} | I85: {=if($C85="","",_xlfn.xlookup($C85,'Hiker Food'!$C:$C,'Hiker Food'!L:L)*$D85)} | J85: {=if($C85="","",_xlfn.xlookup($C85,'Hiker Food'!$C:$C,'Hiker Food'!M:M)*$D85)} | K85: {=if($C85="","",_xlfn.xlookup($C85,'Hiker Food'!$C:$C,'Hiker Food'!N:N)*$D85)} | L85: {=if($C85="","",_xlfn.xlookup($C85,'Hiker Food'!$C:$C,'Hiker Food'!O:O)*$D85)} | M85: {=if($C85="","",_xlfn.xlookup($C85,'Hiker Food'!$C:$C,'Hiker Food'!P:P)*$D85)} | N85: {=if($C85="","",_xlfn.xlookup($C85,'Hiker Food'!$C:$C,'Hiker Food'!Q:Q)*$D85)} | O85: {=if($C85="","",_xlfn.xlookup($C85,'Hiker Food'!$C:$C,'Hiker Food'!I:I)*$D85)} | P85: {=if($C85="","",_xlfn.xlookup($C85,'Hiker Food'!$C:$C,'Hiker Food'!T:T))} | Q85: {=if($C85="","",_xlfn.xlookup($C85,'Hiker Food'!$C:$C,'Hiker Food'!U:U))} | R85: {=if($C85="","",_xlfn.xlookup($C85,'Hiker Food'!$C:$C,'Hiker Food'!V:V))} | S85: {=if($C85="","",_xlfn.xlookup($C85,'Hiker Food'!$C:$C,'Hiker Food'!W:W))}
B86: Dessert | D86: 1 | E86: {=if(C86="","",_xlfn.xlookup(C86,'Hiker Food'!$C:$C,'Hiker Food'!G:G)*D86)} | F86: {=if(C86="","",_xlfn.xlookup(C86,'Hiker Food'!$C:$C,'Hiker Food'!H:H)*D86)} | G86: {=if($C86="","",_xlfn.xlookup($C86,'Hiker Food'!$C:$C,'Hiker Food'!J:J)*$D86)} | H86: {=if($C86="","",_xlfn.xlookup($C86,'Hiker Food'!$C:$C,'Hiker Food'!K:K)*$D86)} | I86: {=if($C86="","",_xlfn.xlookup($C86,'Hiker Food'!$C:$C,'Hiker Food'!L:L)*$D86)} | J86: {=if($C86="","",_xlfn.xlookup($C86,'Hiker Food'!$C:$C,'Hiker Food'!M:M)*$D86)} | K86: {=if($C86="","",_xlfn.xlookup($C86,'Hiker Food'!$C:$C,'Hiker Food'!N:N)*$D86)} | L86: {=if($C86="","",_xlfn.xlookup($C86,'Hiker Food'!$C:$C,'Hiker Food'!O:O)*$D86)} | M86: {=if($C86="","",_xlfn.xlookup($C86,'Hiker Food'!$C:$C,'Hiker Food'!P:P)*$D86)} | N86: {=if($C86="","",_xlfn.xlookup($C86,'Hiker Food'!$C:$C,'Hiker Food'!Q:Q)*$D86)} | O86: {=if($C86="","",_xlfn.xlookup($C86,'Hiker Food'!$C:$C,'Hiker Food'!I:I)*$D86)} | P86: {=if($C86="","",_xlfn.xlookup($C86,'Hiker Food'!$C:$C,'Hiker Food'!T:T))} | Q86: {=if($C86="","",_xlfn.xlookup($C86,'Hiker Food'!$C:$C,'Hiker Food'!U:U))} | R86: {=if($C86="","",_xlfn.xlookup($C86,'Hiker Food'!$C:$C,'Hiker Food'!V:V))} | S86: {=if($C86="","",_xlfn.xlookup($C86,'Hiker Food'!$C:$C,'Hiker Food'!W:W))} | T86: Dessert | U86: =if(C86="","",Y86/V86) | V86: =if($C86="","",sum(E86:E88)) | W86: =if($C86="","",$Y86/X86) | X86: =if($C86="","",sum(F86:F88)) | Y86: =if($C86="","",sum(O86:O88)) | Z86: =if($C86="","",(sum(J86:J88)/sum(N86:N88))) | AA86: =if($C86="","",sum(G86:G88)*9/sum(sum(G86:G88)*9+sum(J86:J88)*4+sum(N86:N88)*4)) | AB86: =if($C86="","",sum(L86:L88)*4/sum(sum(G86:G88)*9+sum(J86:J88)*4+sum(N86:N88)*4)) | AC86: =if($C86="","",(sum(H86:H88)/sum(O86:O88)))
D87: 1 | E87: {=if(C87="","",_xlfn.xlookup(C87,'Hiker Food'!$C:$C,'Hiker Food'!G:G)*D87)} | F87: {=if(C87="","",_xlfn.xlookup(C87,'Hiker Food'!$C:$C,'Hiker Food'!H:H)*D87)} | G87: {=if($C87="","",_xlfn.xlookup($C87,'Hiker Food'!$C:$C,'Hiker Food'!J:J)*$D87)} | H87: {=if($C87="","",_xlfn.xlookup($C87,'Hiker Food'!$C:$C,'Hiker Food'!K:K)*$D87)} | I87: {=if($C87="","",_xlfn.xlookup($C87,'Hiker Food'!$C:$C,'Hiker Food'!L:L)*$D87)} | J87: {=if($C87="","",_xlfn.xlookup($C87,'Hiker Food'!$C:$C,'Hiker Food'!M:M)*$D87)} | K87: {=if($C87="","",_xlfn.xlookup($C87,'Hiker Food'!$C:$C,'Hiker Food'!N:N)*$D87)} | L87: {=if($C87="","",_xlfn.xlookup($C87,'Hiker Food'!$C:$C,'Hiker Food'!O:O)*$D87)} | M87: {=if($C87="","",_xlfn.xlookup($C87,'Hiker Food'!$C:$C,'Hiker Food'!P:P)*$D87)} | N87: {=if($C87="","",_xlfn.xlookup($C87,'Hiker Food'!$C:$C,'Hiker Food'!Q:Q)*$D87)} | O87: {=if($C87="","",_xlfn.xlookup($C87,'Hiker Food'!$C:$C,'Hiker Food'!I:I)*$D87)} | P87: {=if($C87="","",_xlfn.xlookup($C87,'Hiker Food'!$C:$C,'Hiker Food'!T:T))} | Q87: {=if($C87="","",_xlfn.xlookup($C87,'Hiker Food'!$C:$C,'Hiker Food'!U:U))} | R87: {=if($C87="","",_xlfn.xlookup($C87,'Hiker Food'!$C:$C,'Hiker Food'!V:V))} | S87: {=if($C87="","",_xlfn.xlookup($C87,'Hiker Food'!$C:$C,'Hiker Food'!W:W))}
D88: 1 | E88: {=if(C88="","",_xlfn.xlookup(C88,'Hiker Food'!$C:$C,'Hiker Food'!G:G)*D88)} | F88: {=if(C88="","",_xlfn.xlookup(C88,'Hiker Food'!$C:$C,'Hiker Food'!H:H)*D88)} | G88: {=if($C88="","",_xlfn.xlookup($C88,'Hiker Food'!$C:$C,'Hiker Food'!J:J)*$D88)} | H88: {=if($C88="","",_xlfn.xlookup($C88,'Hiker Food'!$C:$C,'Hiker Food'!K:K)*$D88)} | I88: {=if($C88="","",_xlfn.xlookup($C88,'Hiker Food'!$C:$C,'Hiker Food'!L:L)*$D88)} | J88: {=if($C88="","",_xlfn.xlookup($C88,'Hiker Food'!$C:$C,'Hiker Food'!M:M)*$D88)} | K88: {=if($C88="","",_xlfn.xlookup($C88,'Hiker Food'!$C:$C,'Hiker Food'!N:N)*$D88)} | L88: {=if($C88="","",_xlfn.xlookup($C88,'Hiker Food'!$C:$C,'Hiker Food'!O:O)*$D88)} | M88: {=if($C88="","",_xlfn.xlookup($C88,'Hiker Food'!$C:$C,'Hiker Food'!P:P)*$D88)} | N88: {=if($C88="","",_xlfn.xlookup($C88,'Hiker Food'!$C:$C,'Hiker Food'!Q:Q)*$D88)} | O88: {=if($C88="","",_xlfn.xlookup($C88,'Hiker Food'!$C:$C,'Hiker Food'!I:I)*$D88)} | P88: {=if($C88="","",_xlfn.xlookup($C88,'Hiker Food'!$C:$C,'Hiker Food'!T:T))} | Q88: {=if($C88="","",_xlfn.xlookup($C88,'Hiker Food'!$C:$C,'Hiker Food'!U:U))} | R88: {=if($C88="","",_xlfn.xlookup($C88,'Hiker Food'!$C:$C,'Hiker Food'!V:V))} | S88: {=if($C88="","",_xlfn.xlookup($C88,'Hiker Food'!$C:$C,'Hiker Food'!W:W))}
B89: Total | C89: =IF(COUNTIF(C68:C88,"")=COUNTA(C68:C88), "", "zzzz - subtotal line - ignore") -> zzzz - subtotal line - ignore | E89: =if(counta($C68:$C88)=0,"",SUM(E68:E88)) | F89: =if(counta($C68:$C88)=0,"",SUM(F68:F88)) | G89: =if(counta($C68:$C88)=0,"",SUM(G68:G88)) | H89: =if(counta($C68:$C88)=0,"",SUM(H68:H88)) | I89: =if(counta($C68:$C88)=0,"",SUM(I68:I88)) | J89: =if(counta($C68:$C88)=0,"",SUM(J68:J88)) | K89: =if(counta($C68:$C88)=0,"",SUM(K68:K88)) | L89: =if(counta($C68:$C88)=0,"",SUM(L68:L88)) | ... O89: =if(counta($C68:$C88)=0,"",SUM(O68:O88)) | T89: Total | V89: =if(counta($C68:$C88)=0,"",SUM(E68:E88)) | X89: =if(counta($C68:$C88)=0,"",SUM(F68:F88)) | Y89: =if(counta($C68:$C88)=0,"",SUM(O68:O88)) | Z89: =if($V89="","",sum(J68:J88)/sum(N68:N88)) | AA89: =if($V89="","",sum(G68:G88)*9/sum(sum(G68:G88)*9+sum(J68:J88)*4+sum(N68:N88)*4)) | AB89: =if($V89="","",sum(L68:L88)*4/sum(sum(G68:G88)*9+sum(J68:J88)*4+sum(N68:N88)*4)) | AC89: =if($V89="","",sum(H68:H88)/sum(O68:O88))
A90: 5 | B90: Breakfast | D90: 1 | E90: {=if(C90="","",_xlfn.xlookup(C90,'Hiker Food'!$C:$C,'Hiker Food'!G:G)*D90)} | F90: {=if(C90="","",_xlfn.xlookup(C90,'Hiker Food'!$C:$C,'Hiker Food'!H:H)*D90)} | G90: {=if($C90="","",_xlfn.xlookup($C90,'Hiker Food'!$C:$C,'Hiker Food'!J:J)*$D90)} | H90: {=if($C90="","",_xlfn.xlookup($C90,'Hiker Food'!$C:$C,'Hiker Food'!K:K)*$D90)} | I90: {=if($C90="","",_xlfn.xlookup($C90,'Hiker Food'!$C:$C,'Hiker Food'!L:L)*$D90)} | J90: {=if($C90="","",_xlfn.xlookup($C90,'Hiker Food'!$C:$C,'Hiker Food'!M:M)*$D90)} | K90: {=if($C90="","",_xlfn.xlookup($C90,'Hiker Food'!$C:$C,'Hiker Food'!N:N)*$D90)} | L90: {=if($C90="","",_xlfn.xlookup($C90,'Hiker Food'!$C:$C,'Hiker Food'!O:O)*$D90)} | M90: {=if($C90="","",_xlfn.xlookup($C90,'Hiker Food'!$C:$C,'Hiker Food'!P:P)*$D90)} | N90: {=if($C90="","",_xlfn.xlookup($C90,'Hiker Food'!$C:$C,'Hiker Food'!Q:Q)*$D90)} | O90: {=if($C90="","",_xlfn.xlookup($C90,'Hiker Food'!$C:$C,'Hiker Food'!I:I)*$D90)} | P90: {=if($C90="","",_xlfn.xlookup($C90,'Hiker Food'!$C:$C,'Hiker Food'!T:T))} | Q90: {=if($C90="","",_xlfn.xlookup($C90,'Hiker Food'!$C:$C,'Hiker Food'!U:U))} | R90: {=if($C90="","",_xlfn.xlookup($C90,'Hiker Food'!$C:$C,'Hiker Food'!V:V))} | S90: {=if($C90="","",_xlfn.xlookup($C90,'Hiker Food'!$C:$C,'Hiker Food'!W:W))} | T90: Breakfast | U90: =if($C90="","",$Y90/V90) | V90: =if($C90="","",sum(E90:E92)) | W90: =if($C90="","",$Y90/X90) | X90: =if($C90="","",sum(F90:F92)) | Y90: =if($C90="","",sum(O90:O92)) | Z90: =if($C90="","",(sum(J90:J92)/sum(N90:N92))) | AA90: =if($C90="","",sum(G90:G92)*9/sum(sum(G90:G92)*9+sum(J90:J92)*4+sum(N90:N92)*4)) | AB90: =if($C90="","",sum(L90:L92)*4/sum(sum(G90:G92)*9+sum(J90:J92)*4+sum(N90:N92)*4)) | AC90: =if($C90="","",(sum(H90:H92)/sum(O90:O92)))
D91: 1 | E91: {=if(C91="","",_xlfn.xlookup(C91,'Hiker Food'!$C:$C,'Hiker Food'!G:G)*D91)} | F91: {=if(C91="","",_xlfn.xlookup(C91,'Hiker Food'!$C:$C,'Hiker Food'!H:H)*D91)} | G91: {=if($C91="","",_xlfn.xlookup($C91,'Hiker Food'!$C:$C,'Hiker Food'!J:J)*$D91)} | H91: {=if($C91="","",_xlfn.xlookup($C91,'Hiker Food'!$C:$C,'Hiker Food'!K:K)*$D91)} | I91: {=if($C91="","",_xlfn.xlookup($C91,'Hiker Food'!$C:$C,'Hiker Food'!L:L)*$D91)} | J91: {=if($C91="","",_xlfn.xlookup($C91,'Hiker Food'!$C:$C,'Hiker Food'!M:M)*$D91)} | K91: {=if($C91="","",_xlfn.xlookup($C91,'Hiker Food'!$C:$C,'Hiker Food'!N:N)*$D91)} | L91: {=if($C91="","",_xlfn.xlookup($C91,'Hiker Food'!$C:$C,'Hiker Food'!O:O)*$D91)} | M91: {=if($C91="","",_xlfn.xlookup($C91,'Hiker Food'!$C:$C,'Hiker Food'!P:P)*$D91)} | N91: {=if($C91="","",_xlfn.xlookup($C91,'Hiker Food'!$C:$C,'Hiker Food'!Q:Q)*$D91)} | O91: {=if($C91="","",_xlfn.xlookup($C91,'Hiker Food'!$C:$C,'Hiker Food'!I:I)*$D91)} | P91: {=if($C91="","",_xlfn.xlookup($C91,'Hiker Food'!$C:$C,'Hiker Food'!T:T))} | Q91: {=if($C91="","",_xlfn.xlookup($C91,'Hiker Food'!$C:$C,'Hiker Food'!U:U))} | R91: {=if($C91="","",_xlfn.xlookup($C91,'Hiker Food'!$C:$C,'Hiker Food'!V:V))} | S91: {=if($C91="","",_xlfn.xlookup($C91,'Hiker Food'!$C:$C,'Hiker Food'!W:W))}
D92: 1 | E92: {=if(C92="","",_xlfn.xlookup(C92,'Hiker Food'!$C:$C,'Hiker Food'!G:G)*D92)} | F92: {=if(C92="","",_xlfn.xlookup(C92,'Hiker Food'!$C:$C,'Hiker Food'!H:H)*D92)} | G92: {=if($C92="","",_xlfn.xlookup($C92,'Hiker Food'!$C:$C,'Hiker Food'!J:J)*$D92)} | H92: {=if($C92="","",_xlfn.xlookup($C92,'Hiker Food'!$C:$C,'Hiker Food'!K:K)*$D92)} | I92: {=if($C92="","",_xlfn.xlookup($C92,'Hiker Food'!$C:$C,'Hiker Food'!L:L)*$D92)} | J92: {=if($C92="","",_xlfn.xlookup($C92,'Hiker Food'!$C:$C,'Hiker Food'!M:M)*$D92)} | K92: {=if($C92="","",_xlfn.xlookup($C92,'Hiker Food'!$C:$C,'Hiker Food'!N:N)*$D92)} | L92: {=if($C92="","",_xlfn.xlookup($C92,'Hiker Food'!$C:$C,'Hiker Food'!O:O)*$D92)} | M92: {=if($C92="","",_xlfn.xlookup($C92,'Hiker Food'!$C:$C,'Hiker Food'!P:P)*$D92)} | N92: {=if($C92="","",_xlfn.xlookup($C92,'Hiker Food'!$C:$C,'Hiker Food'!Q:Q)*$D92)} | O92: {=if($C92="","",_xlfn.xlookup($C92,'Hiker Food'!$C:$C,'Hiker Food'!I:I)*$D92)} | P92: {=if($C92="","",_xlfn.xlookup($C92,'Hiker Food'!$C:$C,'Hiker Food'!T:T))} | Q92: {=if($C92="","",_xlfn.xlookup($C92,'Hiker Food'!$C:$C,'Hiker Food'!U:U))} | R92: {=if($C92="","",_xlfn.xlookup($C92,'Hiker Food'!$C:$C,'Hiker Food'!V:V))} | S92: {=if($C92="","",_xlfn.xlookup($C92,'Hiker Food'!$C:$C,'Hiker Food'!W:W))}
B93: Morning Snacks | D93: 2 | E93: {=if(C93="","",_xlfn.xlookup(C93,'Hiker Food'!$C:$C,'Hiker Food'!G:G)*D93)} | F93: {=if(C93="","",_xlfn.xlookup(C93,'Hiker Food'!$C:$C,'Hiker Food'!H:H)*D93)} | G93: {=if($C93="","",_xlfn.xlookup($C93,'Hiker Food'!$C:$C,'Hiker Food'!J:J)*$D93)} | H93: {=if($C93="","",_xlfn.xlookup($C93,'Hiker Food'!$C:$C,'Hiker Food'!K:K)*$D93)} | I93: {=if($C93="","",_xlfn.xlookup($C93,'Hiker Food'!$C:$C,'Hiker Food'!L:L)*$D93)} | J93: {=if($C93="","",_xlfn.xlookup($C93,'Hiker Food'!$C:$C,'Hiker Food'!M:M)*$D93)} | K93: {=if($C93="","",_xlfn.xlookup($C93,'Hiker Food'!$C:$C,'Hiker Food'!N:N)*$D93)} | L93: {=if($C93="","",_xlfn.xlookup($C93,'Hiker Food'!$C:$C,'Hiker Food'!O:O)*$D93)} | M93: {=if($C93="","",_xlfn.xlookup($C93,'Hiker Food'!$C:$C,'Hiker Food'!P:P)*$D93)} | N93: {=if($C93="","",_xlfn.xlookup($C93,'Hiker Food'!$C:$C,'Hiker Food'!Q:Q)*$D93)} | O93: {=if($C93="","",_xlfn.xlookup($C93,'Hiker Food'!$C:$C,'Hiker Food'!I:I)*$D93)} | P93: {=if($C93="","",_xlfn.xlookup($C93,'Hiker Food'!$C:$C,'Hiker Food'!T:T))} | Q93: {=if($C93="","",_xlfn.xlookup($C93,'Hiker Food'!$C:$C,'Hiker Food'!U:U))} | R93: {=if($C93="","",_xlfn.xlookup($C93,'Hiker Food'!$C:$C,'Hiker Food'!V:V))} | S93: {=if($C93="","",_xlfn.xlookup($C93,'Hiker Food'!$C:$C,'Hiker Food'!W:W))} | T93: Morning Snacks | U93: =if(C93="","",Y93/V93) | V93: =if($C93="","",sum(E93:E95)) | W93: =if($C93="","",$Y93/X93) | X93: =if($C93="","",sum(F93:F95)) | Y93: =if($C93="","",sum(O93:O95)) | Z93: =if($C93="","",(sum(J93:J95)/sum(N93:N95))) | AA93: =if($C93="","",sum(G93:G95)*9/sum(sum(G93:G95)*9+sum(J93:J95)*4+sum(N93:N95)*4)) | AB93: =if($C93="","",sum(L93:L95)*4/sum(sum(G93:G95)*9+sum(J93:J95)*4+sum(N93:N95)*4)) | AC93: =if($C93="","",(sum(H93:H95)/sum(O93:O95)))
D94: 2 | E94: {=if(C94="","",_xlfn.xlookup(C94,'Hiker Food'!$C:$C,'Hiker Food'!G:G)*D94)} | F94: {=if(C94="","",_xlfn.xlookup(C94,'Hiker Food'!$C:$C,'Hiker Food'!H:H)*D94)} | G94: {=if($C94="","",_xlfn.xlookup($C94,'Hiker Food'!$C:$C,'Hiker Food'!J:J)*$D94)} | H94: {=if($C94="","",_xlfn.xlookup($C94,'Hiker Food'!$C:$C,'Hiker Food'!K:K)*$D94)} | I94: {=if($C94="","",_xlfn.xlookup($C94,'Hiker Food'!$C:$C,'Hiker Food'!L:L)*$D94)} | J94: {=if($C94="","",_xlfn.xlookup($C94,'Hiker Food'!$C:$C,'Hiker Food'!M:M)*$D94)} | K94: {=if($C94="","",_xlfn.xlookup($C94,'Hiker Food'!$C:$C,'Hiker Food'!N:N)*$D94)} | L94: {=if($C94="","",_xlfn.xlookup($C94,'Hiker Food'!$C:$C,'Hiker Food'!O:O)*$D94)} | M94: {=if($C94="","",_xlfn.xlookup($C94,'Hiker Food'!$C:$C,'Hiker Food'!P:P)*$D94)} | N94: {=if($C94="","",_xlfn.xlookup($C94,'Hiker Food'!$C:$C,'Hiker Food'!Q:Q)*$D94)} | O94: {=if($C94="","",_xlfn.xlookup($C94,'Hiker Food'!$C:$C,'Hiker Food'!I:I)*$D94)} | P94: {=if($C94="","",_xlfn.xlookup($C94,'Hiker Food'!$C:$C,'Hiker Food'!T:T))} | Q94: {=if($C94="","",_xlfn.xlookup($C94,'Hiker Food'!$C:$C,'Hiker Food'!U:U))} | R94: {=if($C94="","",_xlfn.xlookup($C94,'Hiker Food'!$C:$C,'Hiker Food'!V:V))} | S94: {=if($C94="","",_xlfn.xlookup($C94,'Hiker Food'!$C:$C,'Hiker Food'!W:W))}
D95: 1 | E95: {=if(C95="","",_xlfn.xlookup(C95,'Hiker Food'!$C:$C,'Hiker Food'!G:G)*D95)} | F95: {=if(C95="","",_xlfn.xlookup(C95,'Hiker Food'!$C:$C,'Hiker Food'!H:H)*D95)} | G95: {=if($C95="","",_xlfn.xlookup($C95,'Hiker Food'!$C:$C,'Hiker Food'!J:J)*$D95)} | H95: {=if($C95="","",_xlfn.xlookup($C95,'Hiker Food'!$C:$C,'Hiker Food'!K:K)*$D95)} | I95: {=if($C95="","",_xlfn.xlookup($C95,'Hiker Food'!$C:$C,'Hiker Food'!L:L)*$D95)} | J95: {=if($C95="","",_xlfn.xlookup($C95,'Hiker Food'!$C:$C,'Hiker Food'!M:M)*$D95)} | K95: {=if($C95="","",_xlfn.xlookup($C95,'Hiker Food'!$C:$C,'Hiker Food'!N:N)*$D95)} | L95: {=if($C95="","",_xlfn.xlookup($C95,'Hiker Food'!$C:$C,'Hiker Food'!O:O)*$D95)} | M95: {=if($C95="","",_xlfn.xlookup($C95,'Hiker Food'!$C:$C,'Hiker Food'!P:P)*$D95)} | N95: {=if($C95="","",_xlfn.xlookup($C95,'Hiker Food'!$C:$C,'Hiker Food'!Q:Q)*$D95)} | O95: {=if($C95="","",_xlfn.xlookup($C95,'Hiker Food'!$C:$C,'Hiker Food'!I:I)*$D95)} | P95: {=if($C95="","",_xlfn.xlookup($C95,'Hiker Food'!$C:$C,'Hiker Food'!T:T))} | Q95: {=if($C95="","",_xlfn.xlookup($C95,'Hiker Food'!$C:$C,'Hiker Food'!U:U))} | R95: {=if($C95="","",_xlfn.xlookup($C95,'Hiker Food'!$C:$C,'Hiker Food'!V:V))} | S95: {=if($C95="","",_xlfn.xlookup($C95,'Hiker Food'!$C:$C,'Hiker Food'!W:W))}
B96: Lunch | D96: 3 | E96: {=if(C96="","",_xlfn.xlookup(C96,'Hiker Food'!$C:$C,'Hiker Food'!G:G)*D96)} | F96: {=if(C96="","",_xlfn.xlookup(C96,'Hiker Food'!$C:$C,'Hiker Food'!H:H)*D96)} | G96: {=if($C96="","",_xlfn.xlookup($C96,'Hiker Food'!$C:$C,'Hiker Food'!J:J)*$D96)} | H96: {=if($C96="","",_xlfn.xlookup($C96,'Hiker Food'!$C:$C,'Hiker Food'!K:K)*$D96)} | I96: {=if($C96="","",_xlfn.xlookup($C96,'Hiker Food'!$C:$C,'Hiker Food'!L:L)*$D96)} | J96: {=if($C96="","",_xlfn.xlookup($C96,'Hiker Food'!$C:$C,'Hiker Food'!M:M)*$D96)} | K96: {=if($C96="","",_xlfn.xlookup($C96,'Hiker Food'!$C:$C,'Hiker Food'!N:N)*$D96)} | L96: {=if($C96="","",_xlfn.xlookup($C96,'Hiker Food'!$C:$C,'Hiker Food'!O:O)*$D96)} | M96: {=if($C96="","",_xlfn.xlookup($C96,'Hiker Food'!$C:$C,'Hiker Food'!P:P)*$D96)} | N96: {=if($C96="","",_xlfn.xlookup($C96,'Hiker Food'!$C:$C,'Hiker Food'!Q:Q)*$D96)} | O96: {=if($C96="","",_xlfn.xlookup($C96,'Hiker Food'!$C:$C,'Hiker Food'!I:I)*$D96)} | P96: {=if($C96="","",_xlfn.xlookup($C96,'Hiker Food'!$C:$C,'Hiker Food'!T:T))} | Q96: {=if($C96="","",_xlfn.xlookup($C96,'Hiker Food'!$C:$C,'Hiker Food'!U:U))} | R96: {=if($C96="","",_xlfn.xlookup($C96,'Hiker Food'!$C:$C,'Hiker Food'!V:V))} | S96: {=if($C96="","",_xlfn.xlookup($C96,'Hiker Food'!$C:$C,'Hiker Food'!W:W))} | T96: Lunch | U96: =if(C96="","",Y96/V96) | V96: =if($C96="","",sum(E96:E98)) | W96: =if($C96="","",$Y96/X96) | X96: =if($C96="","",sum(F96:F98)) | Y96: =if($C96="","",sum(O96:O98)) | Z96: =if($C96="","",(sum(J96:J98)/sum(N96:N98))) | AA96: =if($C96="","",sum(G96:G98)*9/sum(sum(G96:G98)*9+sum(J96:J98)*4+sum(N96:N98)*4)) | AB96: =if($C96="","",sum(L96:L98)*4/sum(sum(G96:G98)*9+sum(J96:J98)*4+sum(N96:N98)*4)) | AC96: =if($C96="","",(sum(H96:H98)/sum(O96:O98)))
D97: 3 | E97: {=if(C97="","",_xlfn.xlookup(C97,'Hiker Food'!$C:$C,'Hiker Food'!G:G)*D97)} | F97: {=if(C97="","",_xlfn.xlookup(C97,'Hiker Food'!$C:$C,'Hiker Food'!H:H)*D97)} | G97: {=if($C97="","",_xlfn.xlookup($C97,'Hiker Food'!$C:$C,'Hiker Food'!J:J)*$D97)} | H97: {=if($C97="","",_xlfn.xlookup($C97,'Hiker Food'!$C:$C,'Hiker Food'!K:K)*$D97)} | I97: {=if($C97="","",_xlfn.xlookup($C97,'Hiker Food'!$C:$C,'Hiker Food'!L:L)*$D97)} | J97: {=if($C97="","",_xlfn.xlookup($C97,'Hiker Food'!$C:$C,'Hiker Food'!M:M)*$D97)} | K97: {=if($C97="","",_xlfn.xlookup($C97,'Hiker Food'!$C:$C,'Hiker Food'!N:N)*$D97)} | L97: {=if($C97="","",_xlfn.xlookup($C97,'Hiker Food'!$C:$C,'Hiker Food'!O:O)*$D97)} | M97: {=if($C97="","",_xlfn.xlookup($C97,'Hiker Food'!$C:$C,'Hiker Food'!P:P)*$D97)} | N97: {=if($C97="","",_xlfn.xlookup($C97,'Hiker Food'!$C:$C,'Hiker Food'!Q:Q)*$D97)} | O97: {=if($C97="","",_xlfn.xlookup($C97,'Hiker Food'!$C:$C,'Hiker Food'!I:I)*$D97)} | P97: {=if($C97="","",_xlfn.xlookup($C97,'Hiker Food'!$C:$C,'Hiker Food'!T:T))} | Q97: {=if($C97="","",_xlfn.xlookup($C97,'Hiker Food'!$C:$C,'Hiker Food'!U:U))} | R97: {=if($C97="","",_xlfn.xlookup($C97,'Hiker Food'!$C:$C,'Hiker Food'!V:V))} | S97: {=if($C97="","",_xlfn.xlookup($C97,'Hiker Food'!$C:$C,'Hiker Food'!W:W))}
D98: 1 | E98: {=if(C98="","",_xlfn.xlookup(C98,'Hiker Food'!$C:$C,'Hiker Food'!G:G)*D98)} | F98: {=if(C98="","",_xlfn.xlookup(C98,'Hiker Food'!$C:$C,'Hiker Food'!H:H)*D98)} | G98: {=if($C98="","",_xlfn.xlookup($C98,'Hiker Food'!$C:$C,'Hiker Food'!J:J)*$D98)} | H98: {=if($C98="","",_xlfn.xlookup($C98,'Hiker Food'!$C:$C,'Hiker Food'!K:K)*$D98)} | I98: {=if($C98="","",_xlfn.xlookup($C98,'Hiker Food'!$C:$C,'Hiker Food'!L:L)*$D98)} | J98: {=if($C98="","",_xlfn.xlookup($C98,'Hiker Food'!$C:$C,'Hiker Food'!M:M)*$D98)} | K98: {=if($C98="","",_xlfn.xlookup($C98,'Hiker Food'!$C:$C,'Hiker Food'!N:N)*$D98)} | L98: {=if($C98="","",_xlfn.xlookup($C98,'Hiker Food'!$C:$C,'Hiker Food'!O:O)*$D98)} | M98: {=if($C98="","",_xlfn.xlookup($C98,'Hiker Food'!$C:$C,'Hiker Food'!P:P)*$D98)} | N98: {=if($C98="","",_xlfn.xlookup($C98,'Hiker Food'!$C:$C,'Hiker Food'!Q:Q)*$D98)} | O98: {=if($C98="","",_xlfn.xlookup($C98,'Hiker Food'!$C:$C,'Hiker Food'!I:I)*$D98)} | P98: {=if($C98="","",_xlfn.xlookup($C98,'Hiker Food'!$C:$C,'Hiker Food'!T:T))} | Q98: {=if($C98="","",_xlfn.xlookup($C98,'Hiker Food'!$C:$C,'Hiker Food'!U:U))} | R98: {=if($C98="","",_xlfn.xlookup($C98,'Hiker Food'!$C:$C,'Hiker Food'!V:V))} | S98: {=if($C98="","",_xlfn.xlookup($C98,'Hiker Food'!$C:$C,'Hiker Food'!W:W))}
B99: Afternoon Snacks | D99: 1 | E99: {=if(C99="","",_xlfn.xlookup(C99,'Hiker Food'!$C:$C,'Hiker Food'!G:G)*D99)} | F99: {=if(C99="","",_xlfn.xlookup(C99,'Hiker Food'!$C:$C,'Hiker Food'!H:H)*D99)} | G99: {=if($C99="","",_xlfn.xlookup($C99,'Hiker Food'!$C:$C,'Hiker Food'!J:J)*$D99)} | H99: {=if($C99="","",_xlfn.xlookup($C99,'Hiker Food'!$C:$C,'Hiker Food'!K:K)*$D99)} | I99: {=if($C99="","",_xlfn.xlookup($C99,'Hiker Food'!$C:$C,'Hiker Food'!L:L)*$D99)} | J99: {=if($C99="","",_xlfn.xlookup($C99,'Hiker Food'!$C:$C,'Hiker Food'!M:M)*$D99)} | K99: {=if($C99="","",_xlfn.xlookup($C99,'Hiker Food'!$C:$C,'Hiker Food'!N:N)*$D99)} | L99: {=if($C99="","",_xlfn.xlookup($C99,'Hiker Food'!$C:$C,'Hiker Food'!O:O)*$D99)} | M99: {=if($C99="","",_xlfn.xlookup($C99,'Hiker Food'!$C:$C,'Hiker Food'!P:P)*$D99)} | N99: {=if($C99="","",_xlfn.xlookup($C99,'Hiker Food'!$C:$C,'Hiker Food'!Q:Q)*$D99)} | O99: {=if($C99="","",_xlfn.xlookup($C99,'Hiker Food'!$C:$C,'Hiker Food'!I:I)*$D99)} | P99: {=if($C99="","",_xlfn.xlookup($C99,'Hiker Food'!$C:$C,'Hiker Food'!T:T))} | Q99: {=if($C99="","",_xlfn.xlookup($C99,'Hiker Food'!$C:$C,'Hiker Food'!U:U))} | R99: {=if($C99="","",_xlfn.xlookup($C99,'Hiker Food'!$C:$C,'Hiker Food'!V:V))} | S99: {=if($C99="","",_xlfn.xlookup($C99,'Hiker Food'!$C:$C,'Hiker Food'!W:W))} | T99: Afternoon Snacks | U99: =if(C99="","",Y99/V99) | V99: =if($C99="","",sum(E99:E101)) | W99: =if($C99="","",$Y99/X99) | X99: =if($C99="","",sum(F99:F101)) | Y99: =if($C99="","",sum(O99:O101)) | Z99: =if($C99="","",(sum(J99:J101)/sum(N99:N101))) | AA99: =if($C99="","",sum(G99:G101)*9/sum(sum(G99:G101)*9+sum(J99:J101)*4+sum(N99:N101)*4)) | AB99: =if($C99="","",sum(L99:L101)*4/sum(sum(G99:G101)*9+sum(J99:J101)*4+sum(N99:N101)*4)) | AC99: =if($C99="","",(sum(H99:H101)/sum(O99:O101)))
D100: 1 | E100: {=if(C100="","",_xlfn.xlookup(C100,'Hiker Food'!$C:$C,'Hiker Food'!G:G)*D100)} | F100: {=if(C100="","",_xlfn.xlookup(C100,'Hiker Food'!$C:$C,'Hiker Food'!H:H)*D100)} | G100: {=if($C100="","",_xlfn.xlookup($C100,'Hiker Food'!$C:$C,'Hiker Food'!J:J)*$D100)} | H100: {=if($C100="","",_xlfn.xlookup($C100,'Hiker Food'!$C:$C,'Hiker Food'!K:K)*$D100)} | I100: {=if($C100="","",_xlfn.xlookup($C100,'Hiker Food'!$C:$C,'Hiker Food'!L:L)*$D100)} | J100: {=if($C100="","",_xlfn.xlookup($C100,'Hiker Food'!$C:$C,'Hiker Food'!M:M)*$D100)} | K100: {=if($C100="","",_xlfn.xlookup($C100,'Hiker Food'!$C:$C,'Hiker Food'!N:N)*$D100)} | L100: {=if($C100="","",_xlfn.xlookup($C100,'Hiker Food'!$C:$C,'Hiker Food'!O:O)*$D100)} | M100: {=if($C100="","",_xlfn.xlookup($C100,'Hiker Food'!$C:$C,'Hiker Food'!P:P)*$D100)} | N100: {=if($C100="","",_xlfn.xlookup($C100,'Hiker Food'!$C:$C,'Hiker Food'!Q:Q)*$D100)} | O100: {=if($C100="","",_xlfn.xlookup($C100,'Hiker Food'!$C:$C,'Hiker Food'!I:I)*$D100)} | P100: {=if($C100="","",_xlfn.xlookup($C100,'Hiker Food'!$C:$C,'Hiker Food'!T:T))} | Q100: {=if($C100="","",_xlfn.xlookup($C100,'Hiker Food'!$C:$C,'Hiker Food'!U:U))} | R100: {=if($C100="","",_xlfn.xlookup($C100,'Hiker Food'!$C:$C,'Hiker Food'!V:V))} | S100: {=if($C100="","",_xlfn.xlookup($C100,'Hiker Food'!$C:$C,'Hiker Food'!W:W))}
...

Sheet Shopping List
A1: Shopping list

Sheet Hiker Food
A1: Brand | B1: Flavor | C1: Full name | D1: Class | E1: Prep | F1: Servings | G1: Serv(oz) | H1: Serv(g) | I1: Cal/Serv | J1: Fat | K1: Na | L1: K | M1: Carbs | N1: Fiber | O1: Sugar | P1: Other | Q1: Protein | R1: kcal/oz | S1: kcal/g | T1: Carb/Pro | U1: Fat % | V1: Sugar % | W1: Na/kcal | X1: Cal/Cont
A2: 4th & Heart | B2: Ghee Butter, Original Recipe | C2: 4th & Heart Ghee Butter, Original Recipe | D2: Bump | E2: N/A | F2: 1 | G2: =H2/28.3495 -> 0.17636995 | H2: 5 | I2: 45 | J2: 5 | K2: 0 | M2: 0 | N2: 0 | O2: 0 | P2: =M2-N2-O2 -> 0 | Q2: 0 | R2: =I2/G2 -> 255.1455 | S2: =I2/H2 -> 9 | T2: =if(Q2=0,"N/A",M2/Q2) -> N/A | U2: =if(J2=0,"0%",if(M2+O2+Q2=0,J2/J2,(J2*9)/((J2*9)+(M2*4)+(Q2*4)))) -> 1 | V2: =if(O2=0,"0%",if(J2+M2+Q2=0,O2/O2,(O2*4)/((J2*9)+(M2*4)+(Q2*4)))) -> 0% | W2: =if(I2=0,"N/A",K2/I2) -> 0 | X2: =F2*I2 -> 45
A3: Kirkland | B3: Extra Virgin Olive Oil, jug | C3: Kirkland Extra Virgin Olive Oil, jug | D3: Bump | E3: N/A | F3: 1 | G3: =H3/28.3495 -> 0.49383587 | H3: 14 | I3: 125 | J3: 14 | K3: 0 | M3: 0 | N3: 0 | O3: 0 | P3: =M3-N3-O3 -> 0 | Q3: 0 | R3: =I3/G3 -> 253.12054 | S3: =I3/H3 -> 8.9285714 | T3: =if(Q3=0,"N/A",M3/Q3) -> N/A | U3: =if(J3=0,"0%",if(M3+O3+Q3=0,J3/J3,(J3*9)/((J3*9)+(M3*4)+(Q3*4)))) -> 1 | V3: =if(O3=0,"0%",if(J3+M3+Q3=0,O3/O3,(O3*4)/((J3*9)+(M3*4)+(Q3*4)))) -> 0% | W3: =if(I3=0,"N/A",K3/I3) -> 0 | X3: =F3*I3 -> 125
A4: Hoosier Hill Farm | B4: Butter Powder | C4: Hoosier Hill Farm Butter Powder | D4: Bump | E4: N/A | F4: 1 | G4: =H4/28.3495 -> 0.21164394 | H4: 6 | I4: 45 | J4: 4 | K4: 45 | M4: 1 | N4: 0 | O4: 1 | P4: =M4-N4-O4 -> 0 | Q4: 1 | R4: =I4/G4 -> 212.62125 | S4: =I4/H4 -> 7.5 | T4: =if(Q4=0,"N/A",M4/Q4) -> 1 | U4: =if(J4=0,"0%",if(M4+O4+Q4=0,J4/J4,(J4*9)/((J4*9)+(M4*4)+(Q4*4)))) -> 0.81818182 | V4: =if(O4=0,"0%",if(J4+M4+Q4=0,O4/O4,(O4*4)/((J4*9)+(M4*4)+(Q4*4)))) -> 0.090909091 | W4: =if(I4=0,"N/A",K4/I4) -> 1 | X4: =F4*I4 -> 45
A5: Terrasoul | B5: Coconut chips (unsweetened) | C5: Terrasoul Coconut chips (unsweetened) | D5: Fruit | E5: N/A | F5: 1 | G5: =H5/28.3495 -> 0.52910986 | H5: 15 | I5: 110 | J5: 10 | K5: 5 | M5: 4 | N5: 2 | O5: 1 | P5: =M5-N5-O5 -> 1 | Q5: 1 | R5: =I5/G5 -> 207.89633 | S5: =I5/H5 -> 7.3333333 | T5: =if(Q5=0,"N/A",M5/Q5) -> 4 | U5: =if(J5=0,"0%",if(M5+O5+Q5=0,J5/J5,(J5*9)/((J5*9)+(M5*4)+(Q5*4)))) -> 0.81818182 | V5: =if(O5=0,"0%",if(J5+M5+Q5=0,O5/O5,(O5*4)/((J5*9)+(M5*4)+(Q5*4)))) -> 0.036363636 | W5: =if(I5=0,"N/A",K5/I5) -> 0.045454545 | X5: =F5*I5 -> 110
A6: Kraft | B6: Real Mayo packet | C6: Kraft Real Mayo packet | D6: Bump | E6: N/A | F6: 1 | G6: =H6/28.3495 -> 0.43739748 | H6: 12.4 | I6: 90 | J6: 10 | K6: 65 | M6: 0 | N6: 0 | O6: 0 | P6: =M6-N6-O6 -> 0 | Q6: 0 | R6: =I6/G6 -> 205.7625 | S6: =I6/H6 -> 7.2580645 | T6: =if(Q6=0,"N/A",M6/Q6) -> N/A | U6: =if(J6=0,"0%",if(M6+O6+Q6=0,J6/J6,(J6*9)/((J6*9)+(M6*4)+(Q6*4)))) -> 1 | V6: =if(O6=0,"0%",if(J6+M6+Q6=0,O6/O6,(O6*4)/((J6*9)+(M6*4)+(Q6*4)))) -> 0% | W6: =if(I6=0,"N/A",K6/I6) -> 0.72222222 | X6: =F6*I6 -> 90
A7: Mauna Loa | B7: Dry Roasted Macadamias with Sea Salt | C7: Mauna Loa Dry Roasted Macadamias with Sea Salt | D7: Nuts/Seeds | E7: N/A | F7: 1 | G7: =H7/28.3495 -> 0.98767174 | H7: 28 | I7: 200 | J7: 21 | K7: 85 | M7: 4 | N7: 2 | O7: 1 | P7: =M7-N7-O7 -> 1 | Q7: 2 | R7: =I7/G7 -> 202.49643 | S7: =I7/H7 -> 7.1428571 | T7: =if(Q7=0,"N/A",M7/Q7) -> 2 | U7: =if(J7=0,"0%",if(M7+O7+Q7=0,J7/J7,(J7*9)/((J7*9)+(M7*4)+(Q7*4)))) -> 0.88732394 | V7: =if(O7=0,"0%",if(J7+M7+Q7=0,O7/O7,(O7*4)/((J7*9)+(M7*4)+(Q7*4)))) -> 0.018779343 | W7: =if(I7=0,"N/A",K7/I7) -> 0.425 | X7: =F7*I7 -> 200
A8: Terrasoul | B8: Coconut Milk Powder | C8: Terrasoul Coconut Milk Powder | D8: Drink | E8: N/A | F8: 1 | G8: =H8/28.3495 -> 0.070547981 | H8: 2 | I8: 14 | J8: 1.3 | K8: 0 | L8: 19 | M8: 0.6 | N8: 0 | O8: 0.3 | P8: =M8-N8-O8 -> 0.3 | Q8: 0 | R8: =I8/G8 -> 198.4465 | S8: =I8/H8 -> 7 | T8: =if(Q8=0,"N/A",M8/Q8) -> N/A | U8: =if(J8=0,"0%",if(M8+O8+Q8=0,J8/J8,(J8*9)/((J8*9)+(M8*4)+(Q8*4)))) -> 0.82978723 | V8: =if(O8=0,"0%",if(J8+M8+Q8=0,O8/O8,(O8*4)/((J8*9)+(M8*4)+(Q8*4)))) -> 0.085106383 | W8: =if(I8=0,"N/A",K8/I8) -> 0 | X8: =F8*I8 -> 14
A9: Justin's | B9: Classic Almond Butter | C9: Justin's Classic Almond Butter | D9: Nut Butter | E9: N/A | F9: 1 | G9: =H9/28.3495 -> 1.1287677 | H9: 32 | I9: 220 | J9: 19 | K9: 10 | L9: 190 | M9: 5 | N9: 3 | O9: 1 | P9: =M9-N9-O9 -> 1 | Q9: 6 | R9: =I9/G9 -> 194.90281 | S9: =I9/H9 -> 6.875 | T9: =if(Q9=0,"N/A",M9/Q9) -> 0.83333333 | U9: =if(J9=0,"0%",if(M9+O9+Q9=0,J9/J9,(J9*9)/((J9*9)+(M9*4)+(Q9*4)))) -> 0.79534884 | V9: =if(O9=0,"0%",if(J9+M9+Q9=0,O9/O9,(O9*4)/((J9*9)+(M9*4)+(Q9*4)))) -> 0.018604651 | W9: =if(I9=0,"N/A",K9/I9) -> 0.045454545 | X9: =F9*I9 -> 220
A10: Signature (Safeway) | B10: Macadamia Nuts, Dry Roasted with Sea Salt | C10: Signature (Safeway) Macadamia Nuts, Dry Roasted with Sea Salt | D10: Nuts/Seeds | E10: N/A | F10: 1 | G10: =H10/28.3495 -> 0.98767174 | H10: 28 | I10: 190 | J10: 21 | K10: 95 | M10: 4 | N10: 2 | O10: 1 | P10: =M10-N10-O10 -> 1 | Q10: 2 | R10: =I10/G10 -> 192.37161 | S10: =I10/H10 -> 6.7857143 | T10: =if(Q10=0,"N/A",M10/Q10) -> 2 | U10: =if(J10=0,"0%",if(M10+O10+Q10=0,J10/J10,(J10*9)/((J10*9)+(M10*4)+(Q10*4)))) -> 0.88732394 | V10: =if(O10=0,"0%",if(J10+M10+Q10=0,O10/O10,(O10*4)/((J10*9)+(M10*4)+(Q10*4)))) -> 0.018779343 | W10: =if(I10=0,"N/A",K10/I10) -> 0.5 | X10: =F10*I10 -> 190
A11: Signature (Safeway) | B11: Mammoth Pecan Halves, Raw and Unsalted | C11: Signature (Safeway) Mammoth Pecan Halves, Raw and Unsalted | D11: Nuts/Seeds | E11: N/A | F11: 1 | G11: =H11/28.3495 -> 0.98767174 | H11: 28 | I11: 190 | J11: 20 | K11: 0 | M11: 4 | N11: 3 | O11: 1 | P11: =M11-N11-O11 -> 0 | Q11: 3 | R11: =I11/G11 -> 192.37161 | S11: =I11/H11 -> 6.7857143 | T11: =if(Q11=0,"N/A",M11/Q11) -> 1.3333333 | U11: =if(J11=0,"0%",if(M11+O11+Q11=0,J11/J11,(J11*9)/((J11*9)+(M11*4)+(Q11*4)))) -> 0.86538462 | V11: =if(O11=0,"0%",if(J11+M11+Q11=0,O11/O11,(O11*4)/((J11*9)+(M11*4)+(Q11*4)))) -> 0.019230769 | W11: =if(I11=0,"N/A",K11/I11) -> 0 | X11: =F11*I11 -> 190
A12: Food to Live | B12: Pine Nuts | C12: Food to Live Pine Nuts | D12: Nuts/Seeds | E12: N/A | F12: 1 | G12: =H12/28.3495 -> 0.98767174 | H12: 28 | I12: 190 | J12: 19 | K12: 1 | M12: 4 | N12: 1 | O12: 1 | P12: =M12-N12-O12 -> 2 | Q12: 4 | R12: =I12/G12 -> 192.37161 | S12: =I12/H12 -> 6.7857143 | T12: =if(Q12=0,"N/A",M12/Q12) -> 1 | U12: =if(J12=0,"0%",if(M12+O12+Q12=0,J12/J12,(J12*9)/((J12*9)+(M12*4)+(Q12*4)))) -> 0.84236453 | V12: =if(O12=0,"0%",if(J12+M12+Q12=0,O12/O12,(O12*4)/((J12*9)+(M12*4)+(Q12*4)))) -> 0.019704434 | W12: =if(I12=0,"N/A",K12/I12) -> 0.0052631579 | X12: =F12*I12 -> 190
A13: Signature (Safeway) | B13: Chip Coconut | C13: Signature (Safeway) Chip Coconut | D13: Fruit | E13: N/A | F13: 1 | G13: =H13/28.3495 -> 0.52910986 | H13: 15 | I13: 100 | J13: 10 | K13: 5 | M13: 4 | N13: 1 | O13: 0 | P13: =M13-N13-O13 -> 3 | Q13: 1 | R13: =I13/G13 -> 188.99667 | S13: =I13/H13 -> 6.6666667 | T13: =if(Q13=0,"N/A",M13/Q13) -> 4 | U13: =if(J13=0,"0%",if(M13+O13+Q13=0,J13/J13,(J13*9)/((J13*9)+(M13*4)+(Q13*4)))) -> 0.81818182 | V13: =if(O13=0,"0%",if(J13+M13+Q13=0,O13/O13,(O13*4)/((J13*9)+(M13*4)+(Q13*4)))) -> 0% | W13: =if(I13=0,"N/A",K13/I13) -> 0.05 | X13: =F13*I13 -> 100
A14: Hoosier Hill Farm | B14: Heavy Cream Powder | C14: Hoosier Hill Farm Heavy Cream Powder | D14: Bump | E14: N/A | F14: 1 | G14: =H14/28.3495 -> 0.21164394 | H14: 6 | I14: 40 | J14: 4 | K14: 55 | M14: 1 | N14: 0 | O14: 1 | P14: =M14-N14-O14 -> 0 | Q14: 1 | R14: =I14/G14 -> 188.99667 | S14: =I14/H14 -> 6.6666667 | T14: =if(Q14=0,"N/A",M14/Q14) -> 1 | U14: =if(J14=0,"0%",if(M14+O14+Q14=0,J14/J14,(J14*9)/((J14*9)+(M14*4)+(Q14*4)))) -> 0.81818182 | V14: =if(O14=0,"0%",if(J14+M14+Q14=0,O14/O14,(O14*4)/((J14*9)+(M14*4)+(Q14*4)))) -> 0.090909091 | W14: =if(I14=0,"N/A",K14/I14) -> 1.375 | X14: =F14*I14 -> 40
A15: OvaEasy | B15: Egg Crystals | C15: OvaEasy Egg Crystals | D15: Sides | E15: N/A | F15: 1 | G15: =H15/28.3495 -> 0.3739043 | H15: 10.6 | I15: 70 | J15: 5 | K15: 50 | L15: 50 | M15: 0 | N15: 0 | O15: 0 | P15: =M15-N15-O15 -> 0 | Q15: 5 | R15: =I15/G15 -> 187.21368 | S15: =I15/H15 -> 6.6037736 | T15: =if(Q15=0,"N/A",M15/Q15) -> 0 | U15: =if(J15=0,"0%",if(M15+O15+Q15=0,J15/J15,(J15*9)/((J15*9)+(M15*4)+(Q15*4)))) -> 0.69230769 | V15: =if(O15=0,"0%",if(J15+M15+Q15=0,O15/O15,(O15*4)/((J15*9)+(M15*4)+(Q15*4)))) -> 0% | W15: =if(I15=0,"N/A",K15/I15) -> 0.71428571 | X15: =F15*I15 -> 70
A16: Justin's | B16: Classic Cashew Butter | C16: Justin's Classic Cashew Butter | D16: Nut Butter | E16: N/A | F16: 1 | G16: =H16/28.3495 -> 1.1287677 | H16: 32 | I16: 210 | J16: 17 | K16: 35 | L16: 90 | M16: 9 | N16: 1 | O16: 2 | P16: =M16-N16-O16 -> 6 | Q16: 5 | R16: =I16/G16 -> 186.04359 | S16: =I16/H16 -> 6.5625 | T16: =if(Q16=0,"N/A",M16/Q16) -> 1.8 | U16: =if(J16=0,"0%",if(M16+O16+Q16=0,J16/J16,(J16*9)/((J16*9)+(M16*4)+(Q16*4)))) -> 0.73205742 | V16: =if(O16=0,"0%",if(J16+M16+Q16=0,O16/O16,(O16*4)/((J16*9)+(M16*4)+(Q16*4)))) -> 0.038277512 | W16: =if(I16=0,"N/A",K16/I16) -> 0.16666667 | X16: =F16*I16 -> 210
A17: Justin's | B17: Maple Almond Butter | C17: Justin's Maple Almond Butter | D17: Nut Butter | E17: N/A | F17: 1 | G17: =H17/28.3495 -> 1.1287677 | H17: 32 | I17: 210 | J17: 17 | K17: 90 | L17: 90 | M17: 8 | N17: 2 | O17: 5 | P17: =M17-N17-O17 -> 1 | Q17: 5 | R17: =I17/G17 -> 186.04359 | S17: =I17/H17 -> 6.5625 | T17: =if(Q17=0,"N/A",M17/Q17) -> 1.6 | U17: =if(J17=0,"0%",if(M17+O17+Q17=0,J17/J17,(J17*9)/((J17*9)+(M17*4)+(Q17*4)))) -> 0.74634146 | V17: =if(O17=0,"0%",if(J17+M17+Q17=0,O17/O17,(O17*4)/((J17*9)+(M17*4)+(Q17*4)))) -> 0.097560976 | W17: =if(I17=0,"N/A",K17/I17) -> 0.42857143 | X17: =F17*I17 -> 210
A18: Justin's | B18: Coconut Almond Butter | C18: Justin's Coconut Almond Butter | D18: Nut Butter | E18: N/A | F18: 1 | G18: =H18/28.3495 -> 1.1287677 | H18: 32 | I18: 210 | J18: 18 | K18: 60 | L18: 190 | M18: 7 | N18: 3 | O18: 3 | P18: =M18-N18-O18 -> 1 | Q18: 5 | R18: =I18/G18 -> 186.04359 | S18: =I18/H18 -> 6.5625 | T18: =if(Q18=0,"N/A",M18/Q18) -> 1.4 | U18: =if(J18=0,"0%",if(M18+O18+Q18=0,J18/J18,(J18*9)/((J18*9)+(M18*4)+(Q18*4)))) -> 0.77142857 | V18: =if(O18=0,"0%",if(J18+M18+Q18=0,O18/O18,(O18*4)/((J18*9)+(M18*4)+(Q18*4)))) -> 0.057142857 | W18: =if(I18=0,"N/A",K18/I18) -> 0.28571429 | X18: =F18*I18 -> 210
A19: Justin's | B19: Classic Peanut Butter | C19: Justin's Classic Peanut Butter | D19: Nut Butter | E19: N/A | F19: 1 | G19: =H19/28.3495 -> 1.1287677 | H19: 32 | I19: 210 | J19: 18 | K19: 25 | L19: 90 | M19: 6 | N19: 1 | O19: 2 | P19: =M19-N19-O19 -> 3 | Q19: 7 | R19: =I19/G19 -> 186.04359 | S19: =I19/H19 -> 6.5625 | T19: =if(Q19=0,"N/A",M19/Q19) -> 0.85714286 | U19: =if(J19=0,"0%",if(M19+O19+Q19=0,J19/J19,(J19*9)/((J19*9)+(M19*4)+(Q19*4)))) -> 0.75700935 | V19: =if(O19=0,"0%",if(J19+M19+Q19=0,O19/O19,(O19*4)/((J19*9)+(M19*4)+(Q19*4)))) -> 0.037383178 | W19: =if(I19=0,"N/A",K19/I19) -> 0.11904762 | X19: =F19*I19 -> 210
A20: Green & Blacks | B20: 85% chocolate | C20: Green & Blacks 85% chocolate | D20: Candy | E20: N/A | F20: 1 | G20: =H20/28.3495 -> 1.4109596 | H20: 40 | I20: 260 | J20: 21 | K20: 20 | M20: 14 | N20: 5 | O20: 5 | P20: =M20-N20-O20 -> 4 | Q20: 4 | R20: =I20/G20 -> 184.27175 | S20: =I20/H20 -> 6.5 | T20: =if(Q20=0,"N/A",M20/Q20) -> 3.5 | U20: =if(J20=0,"0%",if(M20+O20+Q20=0,J20/J20,(J20*9)/((J20*9)+(M20*4)+(Q20*4)))) -> 0.72413793 | V20: =if(O20=0,"0%",if(J20+M20+Q20=0,O20/O20,(O20*4)/((J20*9)+(M20*4)+(Q20*4)))) -> 0.076628352 | W20: =if(I20=0,"N/A",K20/I20) -> 0.076923077 | X20: =F20*I20 -> 260
A21: Fat Fuel | B21: Instant Keto Diet Coffee packaet | C21: Fat Fuel Instant Keto Diet Coffee packaet | D21: Drink | E21: N/A | F21: 1 | G21: =H21/28.3495 -> 1.2522267 | H21: 35.5 | I21: 230 | J21: 22 | K21: 90 | M21: 5 | N21: 0 | O21: 5 | P21: =M21-N21-O21 -> 0 | Q21: 2 | R21: =I21/G21 -> 183.67282 | S21: =I21/H21 -> 6.4788732 | T21: =if(Q21=0,"N/A",M21/Q21) -> 2.5 | U21: =if(J21=0,"0%",if(M21+O21+Q21=0,J21/J21,(J21*9)/((J21*9)+(M21*4)+(Q21*4)))) -> 0.87610619 | V21: =if(O21=0,"0%",if(J21+M21+Q21=0,O21/O21,(O21*4)/((J21*9)+(M21*4)+(Q21*4)))) -> 0.088495575 | W21: =if(I21=0,"N/A",K21/I21) -> 0.39130435 | X21: =F21*I21 -> 230
A22: Fuel Fudge | B22: Cacao (coffee additive or stand alone snack) | C22: Fuel Fudge Cacao (coffee additive or stand alone snack) | D22: Drink | E22: N/A | F22: 1 | G22: =H22/28.3495 -> 0.98767174 | H22: 28 | I22: 180 | J22: 17 | K22: 0 | M22: 8 | N22: 2 | O22: 3 | P22: =M22-N22-O22 -> 3 | Q22: 2 | R22: =I22/G22 -> 182.24679 | S22: =I22/H22 -> 6.4285714 | T22: =if(Q22=0,"N/A",M22/Q22) -> 4 | U22: =if(J22=0,"0%",if(M22+O22+Q22=0,J22/J22,(J22*9)/((J22*9)+(M22*4)+(Q22*4)))) -> 0.79274611 | V22: =if(O22=0,"0%",if(J22+M22+Q22=0,O22/O22,(O22*4)/((J22*9)+(M22*4)+(Q22*4)))) -> 0.062176166 | W22: =if(I22=0,"N/A",K22/I22) -> 0 | X22: =F22*I22 -> 180
A23: Signature (Safeway) | B23: Toffee Toasted Cashews | C23: Signature (Safeway) Toffee Toasted Cashews | D23: Nuts/Seeds | E23: N/A | F23: 1 | G23: =H23/28.3495 -> 1.3756856 | H23: 39 | I23: 250 | J23: 14 | K23: 150 | M23: 14 | N23: 2 | O23: 16 | P23: =M23-N23-O23 -> -4 | Q23: 5 | R23: =I23/G23 -> 181.72756 | S23: =I23/H23 -> 6.4102564 | T23: =if(Q23=0,"N/A",M23/Q23) -> 2.8 | U23: =if(J23=0,"0%",if(M23+O23+Q23=0,J23/J23,(J23*9)/((J23*9)+(M23*4)+(Q23*4)))) -> 0.62376238 | V23: =if(O23=0,"0%",if(J23+M23+Q23=0,O23/O23,(O23*4)/((J23*9)+(M23*4)+(Q23*4)))) -> 0.31683168 | W23: =if(I23=0,"N/A",K23/I23) -> 0.6 | X23: =F23*I23 -> 250
A24: Safeway (bulk dispenser) | B24: Filberts (Hazelnuts) | C24: Safeway (bulk dispenser) Filberts (Hazelnuts) | D24: Nuts/Seeds | E24: N/A | F24: 1 | G24: =H24/28.3495 -> 1.0582197 | H24: 30 | I24: 190 | J24: 18 | K24: 0 | M24: 5 | N24: 3 | O24: 1 | P24: =M24-N24-O24 -> 1 | Q24: 4 | R24: =I24/G24 -> 179.54683 | S24: =I24/H24 -> 6.3333333 | T24: =if(Q24=0,"N/A",M24/Q24) -> 1.25 | U24: =if(J24=0,"0%",if(M24+O24+Q24=0,J24/J24,(J24*9)/((J24*9)+(M24*4)+(Q24*4)))) -> 0.81818182 | V24: =if(O24=0,"0%",if(J24+M24+Q24=0,O24/O24,(O24*4)/((J24*9)+(M24*4)+(Q24*4)))) -> 0.02020202 | W24: =if(I24=0,"N/A",K24/I24) -> 0 | X24: =F24*I24 -> 190
A25: Terrasoul | B25: Pumpkin Seeds (raw, shelled) | C25: Terrasoul Pumpkin Seeds (raw, shelled) | D25: Nuts/Seeds | E25: N/A | F25: 1 | G25: =H25/28.3495 -> 0.52910986 | H25: 15 | I25: 95 | J25: 8 | K25: 3 | M25: 2 | N25: 0.5 | O25: 0 | P25: =M25-N25-O25 -> 1.5 | Q25: 4 | R25: =I25/G25 -> 179.54683 | S25: =I25/H25 -> 6.3333333 | T25: =if(Q25=0,"N/A",M25/Q25) -> 0.5 | U25: =if(J25=0,"0%",if(M25+O25+Q25=0,J25/J25,(J25*9)/((J25*9)+(M25*4)+(Q25*4)))) -> 0.75 | V25: =if(O25=0,"0%",if(J25+M25+Q25=0,O25/O25,(O25*4)/((J25*9)+(M25*4)+(Q25*4)))) -> 0% | W25: =if(I25=0,"N/A",K25/I25) -> 0.031578947 | X25: =F25*I25 -> 95
A26: Lindt | B26: 70% chocolate | C26: Lindt 70% chocolate | D26: Candy | E26: N/A | F26: 1 | G26: =H26/28.3495 -> 1.4109596 | H26: 40 | I26: 250 | J26: 19 | K26: 10 | M26: 17 | N26: 3 | O26: 12 | P26: =M26-N26-O26 -> 2 | Q26: 3 | R26: =I26/G26 -> 177.18437 | S26: =I26/H26 -> 6.25 | T26: =if(Q26=0,"N/A",M26/Q26) -> 5.6666667 | U26: =if(J26=0,"0%",if(M26+O26+Q26=0,J26/J26,(J26*9)/((J26*9)+(M26*4)+(Q26*4)))) -> 0.6812749 | V26: =if(O26=0,"0%",if(J26+M26+Q26=0,O26/O26,(O26*4)/((J26*9)+(M26*4)+(Q26*4)))) -> 0.19123506 | W26: =if(I26=0,"N/A",K26/I26) -> 0.04 | X26: =F26*I26 -> 250
A27: Justin's | B27: Chocolate Hazelnut And Almond Butter | C27: Justin's Chocolate Hazelnut And Almond Butter | D27: Nut Butter | E27: N/A | F27: 1 | G27: =H27/28.3495 -> 1.1287677 | H27: 32 | I27: 200 | J27: 16 | K27: 90 | L27: 90 | M27: 11 | N27: 2 | O27: 8 | P27: =M27-N27-O27 -> 1 | Q27: 4 | R27: =I27/G27 -> 177.18437 | S27: =I27/H27 -> 6.25 | T27: =if(Q27=0,"N/A",M27/Q27) -> 2.75 | U27: =if(J27=0,"0%",if(M27+O27+Q27=0,J27/J27,(J27*9)/((J27*9)+(M27*4)+(Q27*4)))) -> 0.70588235 | V27: =if(O27=0,"0%",if(J27+M27+Q27=0,O27/O27,(O27*4)/((J27*9)+(M27*4)+(Q27*4)))) -> 0.15686275 | W27: =if(I27=0,"N/A",K27/I27) -> 0.45 | X27: =F27*I27 -> 200
A28: Justin's | B28: Maple Cashew Butter | C28: Justin's Maple Cashew Butter | D28: Nut Butter | E28: N/A | F28: 1 | G28: =H28/28.3495 -> 1.1287677 | H28: 32 | I28: 200 | J28: 15 | K28: 100 | L28: 90 | M28: 11 | N28: 1 | O28: 5 | P28: =M28-N28-O28 -> 5 | Q28: 4 | R28: =I28/G28 -> 177.18437 | S28: =I28/H28 -> 6.25 | T28: =if(Q28=0,"N/A",M28/Q28) -> 2.75 | U28: =if(J28=0,"0%",if(M28+O28+Q28=0,J28/J28,(J28*9)/((J28*9)+(M28*4)+(Q28*4)))) -> 0.69230769 | V28: =if(O28=0,"0%",if(J28+M28+Q28=0,O28/O28,(O28*4)/((J28*9)+(M28*4)+(Q28*4)))) -> 0.1025641 | W28: =if(I28=0,"N/A",K28/I28) -> 0.5 | X28: =F28*I28 -> 200
A29: Justin's | B29: Vanilla Almond Butter | C29: Justin's Vanilla Almond Butter | D29: Nut Butter | E29: N/A | F29: 1 | G29: =H29/28.3495 -> 1.1287677 | H29: 32 | I29: 200 | J29: 16 | K29: 90 | L29: 90 | M29: 10 | N29: 2 | O29: 6 | P29: =M29-N29-O29 -> 2 | Q29: 5 | R29: =I29/G29 -> 177.18437 | S29: =I29/H29 -> 6.25 | T29: =if(Q29=0,"N/A",M29/Q29) -> 2 | U29: =if(J29=0,"0%",if(M29+O29+Q29=0,J29/J29,(J29*9)/((J29*9)+(M29*4)+(Q29*4)))) -> 0.70588235 | V29: =if(O29=0,"0%",if(J29+M29+Q29=0,O29/O29,(O29*4)/((J29*9)+(M29*4)+(Q29*4)))) -> 0.11764706 | W29: =if(I29=0,"N/A",K29/I29) -> 0.45 | X29: =F29*I29 -> 200
A30: Pro Bar | B30: Coconut Almond Butter | C30: Pro Bar Coconut Almond Butter | D30: Nut Butter | E30: N/A | F30: 1 | G30: =H30/28.3495 -> 1.1287677 | H30: 32 | I30: 200 | J30: 15 | K30: 25 | L30: 165 | M30: 9 | N30: 2 | O30: 4 | P30: =M30-N30-O30 -> 3 | Q30: 5 | R30: =I30/G30 -> 177.18437 | S30: =I30/H30 -> 6.25 | T30: =if(Q30=0,"N/A",M30/Q30) -> 1.8 | U30: =if(J30=0,"0%",if(M30+O30+Q30=0,J30/J30,(J30*9)/((J30*9)+(M30*4)+(Q30*4)))) -> 0.70680628 | V30: =if(O30=0,"0%",if(J30+M30+Q30=0,O30/O30,(O30*4)/((J30*9)+(M30*4)+(Q30*4)))) -> 0.083769634 | W30: =if(I30=0,"N/A",K30/I30) -> 0.125 | X30: =F30*I30 -> 200
A31: Pro Bar | B31: Mixed Berry Almond Butter | C31: Pro Bar Mixed Berry Almond Butter | D31: Nut Butter | E31: N/A | F31: 1 | G31: =H31/28.3495 -> 1.1287677 | H31: 32 | I31: 200 | J31: 16 | K31: 35 | L31: 165 | M31: 9 | N31: 2 | O31: 4 | P31: =M31-N31-O31 -> 3 | Q31: 5 | R31: =I31/G31 -> 177.18437 | S31: =I31/H31 -> 6.25 | T31: =if(Q31=0,"N/A",M31/Q31) -> 1.8 | U31: =if(J31=0,"0%",if(M31+O31+Q31=0,J31/J31,(J31*9)/((J31*9)+(M31*4)+(Q31*4)))) -> 0.72 | V31: =if(O31=0,"0%",if(J31+M31+Q31=0,O31/O31,(O31*4)/((J31*9)+(M31*4)+(Q31*4)))) -> 0.08 | W31: =if(I31=0,"N/A",K31/I31) -> 0.175 | X31: =F31*I31 -> 200
A32: Pro Bar | B32: Superfood Almond Butter | C32: Pro Bar Superfood Almond Butter | D32: Nut Butter | E32: N/A | F32: 1 | G32: =H32/28.3495 -> 1.1287677 | H32: 32 | I32: 200 | J32: 16 | K32: 25 | L32: 166 | M32: 9 | N32: 2 | O32: 4 | P32: =M32-N32-O32 -> 3 | Q32: 5 | R32: =I32/G32 -> 177.18437 | S32: =I32/H32 -> 6.25 | T32: =if(Q32=0,"N/A",M32/Q32) -> 1.8 | U32: =if(J32=0,"0%",if(M32+O32+Q32=0,J32/J32,(J32*9)/((J32*9)+(M32*4)+(Q32*4)))) -> 0.72 | V32: =if(O32=0,"0%",if(J32+M32+Q32=0,O32/O32,(O32*4)/((J32*9)+(M32*4)+(Q32*4)))) -> 0.08 | W32: =if(I32=0,"N/A",K32/I32) -> 0.125 | X32: =F32*I32 -> 200
A33: Justin's | B33: Cinnamon Almond Butter | C33: Justin's Cinnamon Almond Butter | D33: Nut Butter | E33: N/A | F33: 1 | G33: =H33/28.3495 -> 1.1287677 | H33: 32 | I33: 200 | J33: 16 | K33: 60 | L33: 190 | M33: 8 | N33: 2 | O33: 4 | P33: =M33-N33-O33 -> 2 | Q33: 6 | R33: =I33/G33 -> 177.18437 | S33: =I33/H33 -> 6.25 | T33: =if(Q33=0,"N/A",M33/Q33) -> 1.3333333 | U33: =if(J33=0,"0%",if(M33+O33+Q33=0,J33/J33,(J33*9)/((J33*9)+(M33*4)+(Q33*4)))) -> 0.72 | V33: =if(O33=0,"0%",if(J33+M33+Q33=0,O33/O33,(O33*4)/((J33*9)+(M33*4)+(Q33*4)))) -> 0.08 | W33: =if(I33=0,"N/A",K33/I33) -> 0.3 | X33: =F33*I33 -> 200
A34: Justin's | B34: Honey Almond Butter | C34: Justin's Honey Almond Butter | D34: Nut Butter | E34: N/A | F34: 1 | G34: =H34/28.3495 -> 1.1287677 | H34: 32 | I34: 200 | J34: 16 | K34: 100 | L34: 90 | M34: 8 | N34: 3 | O34: 4 | P34: =M34-N34-O34 -> 1 | Q34: 6 | R34: =I34/G34 -> 177.18437 | S34: =I34/H34 -> 6.25 | T34: =if(Q34=0,"N/A",M34/Q34) -> 1.3333333 | U34: =if(J34=0,"0%",if(M34+O34+Q34=0,J34/J34,(J34*9)/((J34*9)+(M34*4)+(Q34*4)))) -> 0.72 | V34: =if(O34=0,"0%",if(J34+M34+Q34=0,O34/O34,(O34*4)/((J34*9)+(M34*4)+(Q34*4)))) -> 0.08 | W34: =if(I34=0,"N/A",K34/I34) -> 0.5 | X34: =F34*I34 -> 200
A35: Wow Butter | B35: Peanut Free (Soy) Butter | C35: Wow Butter Peanut Free (Soy) Butter | D35: Nut Butter | E35: N/A | F35: 1 | G35: =H35/28.3495 -> 1.1287677 | H35: 32 | I35: 200 | J35: 15 | K35: 100 | M35: 8 | N35: 2 | O35: 4 | P35: =M35-N35-O35 -> 2 | Q35: 7 | R35: =I35/G35 -> 177.18437 | S35: =I35/H35 -> 6.25 | T35: =if(Q35=0,"N/A",M35/Q35) -> 1.1428571 | U35: =if(J35=0,"0%",if(M35+O35+Q35=0,J35/J35,(J35*9)/((J35*9)+(M35*4)+(Q35*4)))) -> 0.69230769 | V35: =if(O35=0,"0%",if(J35+M35+Q35=0,O35/O35,(O35*4)/((J35*9)+(M35*4)+(Q35*4)))) -> 0.082051282 | W35: =if(I35=0,"N/A",K35/I35) -> 0.5 | X35: =F35*I35 -> 200
A36: SunButter | B36: Sunflower Seed Butter (peanut free) | C36: SunButter Sunflower Seed Butter (peanut free) | D36: Nut Butter | E36: N/A | F36: 1 | G36: =H36/28.3495 -> 1.1287677 | H36: 32 | I36: 200 | J36: 17 | K36: 99 | M36: 6 | N36: 2 | O36: 3 | P36: =M36-N36-O36 -> 1 | Q36: 7 | R36: =I36/G36 -> 177.18437 | S36: =I36/H36 -> 6.25 | T36: =if(Q36=0,"N/A",M36/Q36) -> 0.85714286 | U36: =if(J36=0,"0%",if(M36+O36+Q36=0,J36/J36,(J36*9)/((J36*9)+(M36*4)+(Q36*4)))) -> 0.74634146 | V36: =if(O36=0,"0%",if(J36+M36+Q36=0,O36/O36,(O36*4)/((J36*9)+(M36*4)+(Q36*4)))) -> 0.058536585 | W36: =if(I36=0,"N/A",K36/I36) -> 0.495 | X36: =F36*I36 -> 200
A37: Divine | B37: 85% Dark Chocolate | C37: Divine 85% Dark Chocolate | D37: Candy | E37: N/A | F37: 1 | G37: =H37/28.3495 -> 1.4815076 | H37: 42 | I37: 260 | J37: 21 | K37: 0 | M37: 16 | N37: 6 | O37: 6 | P37: =M37-N37-O37 -> 4 | Q37: 4 | R37: =I37/G37 -> 175.4969 | S37: =I37/H37 -> 6.1904762 | T37: =if(Q37=0,"N/A",M37/Q37) -> 4 | U37: =if(J37=0,"0%",if(M37+O37+Q37=0,J37/J37,(J37*9)/((J37*9)+(M37*4)+(Q37*4)))) -> 0.70260223 | V37: =if(O37=0,"0%",if(J37+M37+Q37=0,O37/O37,(O37*4)/((J37*9)+(M37*4)+(Q37*4)))) -> 0.089219331 | W37: =if(I37=0,"N/A",K37/I37) -> 0 | X37: =F37*I37 -> 260
A38: Bare Snacks | B38: Chocolate Bliss Coconut Chips | C38: Bare Snacks Chocolate Bliss Coconut Chips | D38: Fruit | E38: N/A | F38: 1 | G38: =H38/28.3495 -> 0.98767174 | H38: 28 | I38: 170 | J38: 13 | K38: 10 | M38: 12 | N38: 4 | O38: 8 | P38: =M38-N38-O38 -> 0 | Q38: 2 | R38: =I38/G38 -> 172.12196 | S38: =I38/H38 -> 6.0714286 | T38: =if(Q38=0,"N/A",M38/Q38) -> 6 | U38: =if(J38=0,"0%",if(M38+O38+Q38=0,J38/J38,(J38*9)/((J38*9)+(M38*4)+(Q38*4)))) -> 0.67630058 | V38: =if(O38=0,"0%",if(J38+M38+Q38=0,O38/O38,(O38*4)/((J38*9)+(M38*4)+(Q38*4)))) -> 0.1849711 | W38: =if(I38=0,"N/A",K38/I38) -> 0.058823529 | X38: =F38*I38 -> 170
A39: Kirkland | B39: Fancy Mixed Nuts | C39: Kirkland Fancy Mixed Nuts | D39: Nuts/Seeds | E39: N/A | F39: 1 | G39: =H39/28.3495 -> 0.98767174 | H39: 28 | I39: 170 | J39: 15 | K39: 120 | M39: 6 | N39: 2 | O39: 1 | P39: =M39-N39-O39 -> 3 | Q39: 5 | R39: =I39/G39 -> 172.12196 | S39: =I39/H39 -> 6.0714286 | T39: =if(Q39=0,"N/A",M39/Q39) -> 1.2 | U39: =if(J39=0,"0%",if(M39+O39+Q39=0,J39/J39,(J39*9)/((J39*9)+(M39*4)+(Q39*4)))) -> 0.75418994 | V39: =if(O39=0,"0%",if(J39+M39+Q39=0,O39/O39,(O39*4)/((J39*9)+(M39*4)+(Q39*4)))) -> 0.022346369 | W39: =if(I39=0,"N/A",K39/I39) -> 0.70588235 | X39: =F39*I39 -> 170
A40: Signature (Safeway) | B40: Deluxe Mixed Nuts | C40: Signature (Safeway) Deluxe Mixed Nuts | D40: Nuts/Seeds | E40: N/A | F40: 1 | G40: =H40/28.3495 -> 0.98767174 | H40: 28 | I40: 170 | J40: 15 | K40: 95 | M40: 6 | N40: 2 | O40: 1 | P40: =M40-N40-O40 -> 3 | Q40: 5 | R40: =I40/G40 -> 172.12196 | S40: =I40/H40 -> 6.0714286 | T40: =if(Q40=0,"N/A",M40/Q40) -> 1.2 | U40: =if(J40=0,"0%",if(M40+O40+Q40=0,J40/J40,(J40*9)/((J40*9)+(M40*4)+(Q40*4)))) -> 0.75418994 | V40: =if(O40=0,"0%",if(J40+M40+Q40=0,O40/O40,(O40*4)/((J40*9)+(M40*4)+(Q40*4)))) -> 0.022346369 | W40: =if(I40=0,"N/A",K40/I40) -> 0.55882353 | X40: =F40*I40 -> 170
A41: Signature (Safeway) | B41: Orchard Nut Trio with Sea Salt | C41: Signature (Safeway) Orchard Nut Trio with Sea Salt | D41: Nuts/Seeds | E41: N/A | F41: 1 | G41: =H41/28.3495 -> 0.98767174 | H41: 28 | I41: 170 | J41: 14 | K41: 65 | M41: 6 | N41: 2 | O41: 1 | P41: =M41-N41-O41 -> 3 | Q41: 5 | R41: =I41/G41 -> 172.12196 | S41: =I41/H41 -> 6.0714286 | T41: =if(Q41=0,"N/A",M41/Q41) -> 1.2 | U41: =if(J41=0,"0%",if(M41+O41+Q41=0,J41/J41,(J41*9)/((J41*9)+(M41*4)+(Q41*4)))) -> 0.74117647 | V41: =if(O41=0,"0%",if(J41+M41+Q41=0,O41/O41,(O41*4)/((J41*9)+(M41*4)+(Q41*4)))) -> 0.023529412 | W41: =if(I41=0,"N/A",K41/I41) -> 0.38235294 | X41: =F41*I41 -> 170
A42: Blue Diamond | B42: Smokehouse Almonds | C42: Blue Diamond Smokehouse Almonds | D42: Nuts/Seeds | E42: N/A | F42: 1 | G42: =H42/28.3495 -> 0.98767174 | H42: 28 | I42: 170 | J42: 16 | K42: 150 | L42: 190 | M42: 5 | N42: 3 | O42: 1 | P42: =M42-N42-O42 -> 1 | Q42: 6 | R42: =I42/G42 -> 172.12196 | S42: =I42/H42 -> 6.0714286 | T42: =if(Q42=0,"N/A",M42/Q42) -> 0.83333333 | U42: =if(J42=0,"0%",if(M42+O42+Q42=0,J42/J42,(J42*9)/((J42*9)+(M42*4)+(Q42*4)))) -> 0.76595745 | V42: =if(O42=0,"0%",if(J42+M42+Q42=0,O42/O42,(O42*4)/((J42*9)+(M42*4)+(Q42*4)))) -> 0.021276596 | W42: =if(I42=0,"N/A",K42/I42) -> 0.88235294 | X42: =F42*I42 -> 170
A43: Signature (Safeway) | B43: Whole Almonds, Dry Roasted and Unsalted | C43: Signature (Safeway) Whole Almonds, Dry Roasted and Unsalted | D43: Nuts/Seeds | E43: N/A | F43: 1 | G43: =H43/28.3495 -> 0.98767174 | H43: 28 | I43: 170 | J43: 15 | K43: 0 | M43: 5 | N43: 3 | O43: 1 | P43: =M43-N43-O43 -> 1 | Q43: 6 | R43: =I43/G43 -> 172.12196 | S43: =I43/H43 -> 6.0714286 | T43: =if(Q43=0,"N/A",M43/Q43) -> 0.83333333 | U43: =if(J43=0,"0%",if(M43+O43+Q43=0,J43/J43,(J43*9)/((J43*9)+(M43*4)+(Q43*4)))) -> 0.75418994 | V43: =if(O43=0,"0%",if(J43+M43+Q43=0,O43/O43,(O43*4)/((J43*9)+(M43*4)+(Q43*4)))) -> 0.022346369 | W43: =if(I43=0,"N/A",K43/I43) -> 0 | X43: =F43*I43 -> 170
A44: Trail Butter | B44: Dark Chocolate & Coffee Almond Butter Blend | C44: Trail Butter Dark Chocolate & Coffee Almond Butter Blend | D44: Nut Butter | E44: N/A | F44: 1 | G44: =H44/28.3495 -> 1.1640417 | H44: 33 | I44: 200 | J44: 17 | K44: 55 | M44: 8 | N44: 3 | O44: 4 | P44: =M44-N44-O44 -> 1 | Q44: 5 | R44: =I44/G44 -> 171.81515 | S44: =I44/H44 -> 6.0606061 | T44: =if(Q44=0,"N/A",M44/Q44) -> 1.6 | U44: =if(J44=0,"0%",if(M44+O44+Q44=0,J44/J44,(J44*9)/((J44*9)+(M44*4)+(Q44*4)))) -> 0.74634146 | V44: =if(O44=0,"0%",if(J44+M44+Q44=0,O44/O44,(O44*4)/((J44*9)+(M44*4)+(Q44*4)))) -> 0.07804878 | W44: =if(I44=0,"N/A",K44/I44) -> 0.275 | X44: =F44*I44 -> 200
A45: Trail Butter | B45: Maple Syrup & Sea Salt Almond Cashew Blend | C45: Trail Butter Maple Syrup & Sea Salt Almond Cashew Blend | D45: Nut Butter | E45: N/A | F45: 1 | G45: =H45/28.3495 -> 1.1640417 | H45: 33 | I45: 200 | J45: 18 | K45: 115 | M45: 8 | N45: 2 | O45: 3 | P45: =M45-N45-O45 -> 3 | Q45: 5 | R45: =I45/G45 -> 171.81515 | S45: =I45/H45 -> 6.0606061 | T45: =if(Q45=0,"N/A",M45/Q45) -> 1.6 | U45: =if(J45=0,"0%",if(M45+O45+Q45=0,J45/J45,(J45*9)/((J45*9)+(M45*4)+(Q45*4)))) -> 0.75700935 | V45: =if(O45=0,"0%",if(J45+M45+Q45=0,O45/O45,(O45*4)/((J45*9)+(M45*4)+(Q45*4)))) -> 0.056074766 | W45: =if(I45=0,"N/A",K45/I45) -> 0.575 | X45: =F45*I45 -> 200
A46: Trail Butter | B46: Original Trail Mix Almond Butter Blend | C46: Trail Butter Original Trail Mix Almond Butter Blend | D46: Nut Butter | E46: N/A | F46: 1 | G46: =H46/28.3495 -> 1.1640417 | H46: 33 | I46: 200 | J46: 17 | K46: 50 | M46: 8 | N46: 3 | O46: 4 | P46: =M46-N46-O46 -> 1 | Q46: 5 | R46: =I46/G46 -> 171.81515 | S46: =I46/H46 -> 6.0606061 | T46: =if(Q46=0,"N/A",M46/Q46) -> 1.6 | U46: =if(J46=0,"0%",if(M46+O46+Q46=0,J46/J46,(J46*9)/((J46*9)+(M46*4)+(Q46*4)))) -> 0.74634146 | V46: =if(O46=0,"0%",if(J46+M46+Q46=0,O46/O46,(O46*4)/((J46*9)+(M46*4)+(Q46*4)))) -> 0.07804878 | W46: =if(I46=0,"N/A",K46/I46) -> 0.25 | X46: =F46*I46 -> 200
A47: Dakota Style | B47: Sunflower Kernels | C47: Dakota Style Sunflower Kernels | D47: Nuts/Seeds | E47: N/A | F47: 1 | G47: =H47/28.3495 -> 1.1640417 | H47: 33 | I47: 200 | J47: 17 | K47: 180 | M47: 6 | N47: 4 | O47: 0 | P47: =M47-N47-O47 -> 2 | Q47: 8 | R47: =I47/G47 -> 171.81515 | S47: =I47/H47 -> 6.0606061 | T47: =if(Q47=0,"N/A",M47/Q47) -> 0.75 | U47: =if(J47=0,"0%",if(M47+O47+Q47=0,J47/J47,(J47*9)/((J47*9)+(M47*4)+(Q47*4)))) -> 0.73205742 | V47: =if(O47=0,"0%",if(J47+M47+Q47=0,O47/O47,(O47*4)/((J47*9)+(M47*4)+(Q47*4)))) -> 0% | W47: =if(I47=0,"N/A",K47/I47) -> 0.9 | X47: =F47*I47 -> 200
A48: Eden | B48: Pumpkin Seeds (dry roasted) | C48: Eden Pumpkin Seeds (dry roasted) | D48: Nuts/Seeds | E48: N/A | F48: 1 | G48: =H48/28.3495 -> 1.1640417 | H48: 33 | I48: 200 | J48: 16 | K48: 100 | L48: 270 | M48: 5 | N48: 5 | O48: 0 | P48: =M48-N48-O48 -> 0 | Q48: 9 | R48: =I48/G48 -> 171.81515 | S48: =I48/H48 -> 6.0606061 | T48: =if(Q48=0,"N/A",M48/Q48) -> 0.55555556 | U48: =if(J48=0,"0%",if(M48+O48+Q48=0,J48/J48,(J48*9)/((J48*9)+(M48*4)+(Q48*4)))) -> 0.72 | V48: =if(O48=0,"0%",if(J48+M48+Q48=0,O48/O48,(O48*4)/((J48*9)+(M48*4)+(Q48*4)))) -> 0% | W48: =if(I48=0,"N/A",K48/I48) -> 0.5 | X48: =F48*I48 -> 200
A49: Skep's Mix | B49: Trail Mix (one serving, 1/3 batch) | C49: Skep's Mix Trail Mix (one serving, 1/3 batch) | D49: Trail Mix | E49: N/A | F49: 1 | G49: =H49/28.3495 -> 3.4568511 | H49: 98 | I49: 590 | J49: 49.3 | K49: 180 | L49: 70 | M49: 37 | N49: 5.7 | O49: 26 | P49: =M49-N49-O49 -> 5.3 | Q49: 6 | R49: =I49/G49 -> 170.67556 | S49: =I49/H49 -> 6.0204082 | T49: =if(Q49=0,"N/A",M49/Q49) -> 6.1666667 | U49: =if(J49=0,"0%",if(M49+O49+Q49=0,J49/J49,(J49*9)/((J49*9)+(M49*4)+(Q49*4)))) -> 0.72064317 | V49: =if(O49=0,"0%",if(J49+M49+Q49=0,O49/O49,(O49*4)/((J49*9)+(M49*4)+(Q49*4)))) -> 0.16891343 | W49: =if(I49=0,"N/A",K49/I49) -> 0.30508475 | X49: =F49*I49 -> 590
A50: Alter Ego | B50: Dark Salted Brown Butter Organic Chocolate | C50: Alter Ego Dark Salted Brown Butter Organic Chocolate | D50: Candy | E50: N/A | F50: 1 | G50: =H50/28.3495 -> 1.4109596 | H50: 40 | I50: 240 | J50: 18 | K50: 65 | M50: 14 | N50: 4 | O50: 11 | P50: =M50-N50-O50 -> -1 | Q50: 3 | R50: =I50/G50 -> 170.097 | S50: =I50/H50 -> 6 | T50: =if(Q50=0,"N/A",M50/Q50) -> 4.6666667 | U50: =if(J50=0,"0%",if(M50+O50+Q50=0,J50/J50,(J50*9)/((J50*9)+(M50*4)+(Q50*4)))) -> 0.70434783 | V50: =if(O50=0,"0%",if(J50+M50+Q50=0,O50/O50,(O50*4)/((J50*9)+(M50*4)+(Q50*4)))) -> 0.19130435 | W50: =if(I50=0,"N/A",K50/I50) -> 0.27083333 | X50: =F50*I50 -> 240
A51: Lindt | B51: 90% Cocoa | C51: Lindt 90% Cocoa | D51: Candy | E51: N/A | F51: 1 | G51: =H51/28.3495 -> 1.4109596 | H51: 40 | I51: 240 | J51: 22 | K51: 10 | M51: 12 | N51: 5 | O51: 3 | P51: =M51-N51-O51 -> 4 | Q51: 4 | R51: =I51/G51 -> 170.097 | S51: =I51/H51 -> 6 | T51: =if(Q51=0,"N/A",M51/Q51) -> 3 | U51: =if(J51=0,"0%",if(M51+O51+Q51=0,J51/J51,(J51*9)/((J51*9)+(M51*4)+(Q51*4)))) -> 0.75572519 | V51: =if(O51=0,"0%",if(J51+M51+Q51=0,O51/O51,(O51*4)/((J51*9)+(M51*4)+(Q51*4)))) -> 0.045801527 | W51: =if(I51=0,"N/A",K51/I51) -> 0.041666667 | X51: =F51*I51 -> 240
A52: Autumn's Gold | B52: Grain Free Granola - Cinnamon Almond | C52: Autumn's Gold Grain Free Granola - Cinnamon Almond | D52: Bar | E52: N/A | F52: 1 | G52: =H52/28.3495 -> 1.2345897 | H52: 35 | I52: 210 | J52: 17 | K52: 60 | L52: 190 | M52: 11 | N52: 3 | O52: 6 | P52: =M52-N52-O52 -> 2 | Q52: 6 | R52: =I52/G52 -> 170.097 | S52: =I52/H52 -> 6 | T52: =if(Q52=0,"N/A",M52/Q52) -> 1.8333333 | U52: =if(J52=0,"0%",if(M52+O52+Q52=0,J52/J52,(J52*9)/((J52*9)+(M52*4)+(Q52*4)))) -> 0.69230769 | V52: =if(O52=0,"0%",if(J52+M52+Q52=0,O52/O52,(O52*4)/((J52*9)+(M52*4)+(Q52*4)))) -> 0.10859729 | W52: =if(I52=0,"N/A",K52/I52) -> 0.28571429 | X52: =F52*I52 -> 210
A53: RiverTrail | B53: Party Mix | C53: RiverTrail Party Mix | D53: Trail Mix | E53: N/A | F53: 1 | G53: =H53/28.3495 -> 1.0582197 | H53: 30 | I53: 180 | J53: 14 | K53: 400 | M53: 12 | N53: 3 | O53: 1 | P53: =M53-N53-O53 -> 8 | Q53: 8 | R53: =I53/G53 -> 170.097 | S53: =I53/H53 -> 6 | T53: =if(Q53=0,"N/A",M53/Q53) -> 1.5 | U53: =if(J53=0,"0%",if(M53+O53+Q53=0,J53/J53,(J53*9)/((J53*9)+(M53*4)+(Q53*4)))) -> 0.61165049 | V53: =if(O53=0,"0%",if(J53+M53+Q53=0,O53/O53,(O53*4)/((J53*9)+(M53*4)+(Q53*4)))) -> 0.019417476 | W53: =if(I53=0,"N/A",K53/I53) -> 2.2222222 | X53: =F53*I53 -> 180
A54: Safeway (bulk dispenser) | B54: Peanuts, Roasted & Salted | C54: Safeway (bulk dispenser) Peanuts, Roasted & Salted | D54: Nuts/Seeds | E54: N/A | F54: 1 | G54: =H54/28.3495 -> 1.7636995 | H54: 50 | I54: 300 | J54: 26 | K54: 160 | M54: 8 | N54: 5 | O54: 2 | P54: =M54-N54-O54 -> 1 | Q54: 14 | R54: =I54/G54 -> 170.097 | S54: =I54/H54 -> 6 | T54: =if(Q54=0,"N/A",M54/Q54) -> 0.57142857 | U54: =if(J54=0,"0%",if(M54+O54+Q54=0,J54/J54,(J54*9)/((J54*9)+(M54*4)+(Q54*4)))) -> 0.72670807 | V54: =if(O54=0,"0%",if(J54+M54+Q54=0,O54/O54,(O54*4)/((J54*9)+(M54*4)+(Q54*4)))) -> 0.024844721 | W54: =if(I54=0,"N/A",K54/I54) -> 0.53333333 | X54: =F54*I54 -> 300
A55: Signature (Safeway) | B55: Organic Pumpkin Seeds | C55: Signature (Safeway) Organic Pumpkin Seeds | D55: Nuts/Seeds | E55: N/A | F55: 1 | G55: =H55/28.3495 -> 1.0582197 | H55: 30 | I55: 180 | J55: 14 | K55: 5 | M55: 4 | N55: 3 | O55: 1 | P55: =M55-N55-O55 -> 0 | Q55: 9 | R55: =I55/G55 -> 170.097 | S55: =I55/H55 -> 6 | T55: =if(Q55=0,"N/A",M55/Q55) -> 0.44444444 | U55: =if(J55=0,"0%",if(M55+O55+Q55=0,J55/J55,(J55*9)/((J55*9)+(M55*4)+(Q55*4)))) -> 0.70786517 | V55: =if(O55=0,"0%",if(J55+M55+Q55=0,O55/O55,(O55*4)/((J55*9)+(M55*4)+(Q55*4)))) -> 0.02247191 | W55: =if(I55=0,"N/A",K55/I55) -> 0.027777778 | X55: =F55*I55 -> 180
A56: Divine | B56: 70% Dark Chocolate | C56: Divine 70% Dark Chocolate | D56: Candy | E56: N/A | F56: 1 | G56: =H56/28.3495 -> 1.4815076 | H56: 42 | I56: 250 | J56: 19 | K56: 0 | M56: 19 | N56: 5 | O56: 11 | P56: =M56-N56-O56 -> 3 | Q56: 3 | R56: =I56/G56 -> 168.74702 | S56: =I56/H56 -> 5.952381 | T56: =if(Q56=0,"N/A",M56/Q56) -> 6.3333333 | U56: =if(J56=0,"0%",if(M56+O56+Q56=0,J56/J56,(J56*9)/((J56*9)+(M56*4)+(Q56*4)))) -> 0.66023166 | V56: =if(O56=0,"0%",if(J56+M56+Q56=0,O56/O56,(O56*4)/((J56*9)+(M56*4)+(Q56*4)))) -> 0.16988417 | W56: =if(I56=0,"N/A",K56/I56) -> 0 | X56: =F56*I56 -> 250
A57: Justin's | B57: Dark Chocolate Crispy Peanut Butter Cups | C57: Justin's Dark Chocolate Crispy Peanut Butter Cups | D57: Candy | E57: N/A | F57: 1 | G57: =H57/28.3495 -> 1.3051377 | H57: 37 | I57: 220 | J57: 14 | K57: 120 | M57: 19 | N57: 2 | O57: 15 | P57: =M57-N57-O57 -> 2 | Q57: 4 | R57: =I57/G57 -> 168.56459 | S57: =I57/H57 -> 5.9459459 | T57: =if(Q57=0,"N/A",M57/Q57) -> 4.75 | U57: =if(J57=0,"0%",if(M57+O57+Q57=0,J57/J57,(J57*9)/((J57*9)+(M57*4)+(Q57*4)))) -> 0.57798165 | V57: =if(O57=0,"0%",if(J57+M57+Q57=0,O57/O57,(O57*4)/((J57*9)+(M57*4)+(Q57*4)))) -> 0.27522936 | W57: =if(I57=0,"N/A",K57/I57) -> 0.54545455 | X57: =F57*I57 -> 220
A58: Wild Friends | B58: Vanilla Espresso Almond Butter | C58: Wild Friends Vanilla Espresso Almond Butter | D58: Nut Butter | E58: N/A | F58: 1 | G58: =H58/28.3495 -> 1.1287677 | H58: 32 | I58: 190 | J58: 16 | K58: 45 | M58: 9 | N58: 2 | O58: 2 | P58: =M58-N58-O58 -> 5 | Q58: 6 | R58: =I58/G58 -> 168.32516 | S58: =I58/H58 -> 5.9375 | T58: =if(Q58=0,"N/A",M58/Q58) -> 1.5 | U58: =if(J58=0,"0%",if(M58+O58+Q58=0,J58/J58,(J58*9)/((J58*9)+(M58*4)+(Q58*4)))) -> 0.70588235 | V58: =if(O58=0,"0%",if(J58+M58+Q58=0,O58/O58,(O58*4)/((J58*9)+(M58*4)+(Q58*4)))) -> 0.039215686 | W58: =if(I58=0,"N/A",K58/I58) -> 0.23684211 | X58: =F58*I58 -> 190
A59: Wild Friends | B59: Organic Maple Sunflower Butter | C59: Wild Friends Organic Maple Sunflower Butter | D59: Nut Butter | E59: N/A | F59: 1 | G59: =H59/28.3495 -> 1.1287677 | H59: 32 | I59: 190 | J59: 16 | K59: 55 | M59: 9 | N59: 2 | O59: 5 | P59: =M59-N59-O59 -> 2 | Q59: 8 | R59: =I59/G59 -> 168.32516 | S59: =I59/H59 -> 5.9375 | T59: =if(Q59=0,"N/A",M59/Q59) -> 1.125 | U59: =if(J59=0,"0%",if(M59+O59+Q59=0,J59/J59,(J59*9)/((J59*9)+(M59*4)+(Q59*4)))) -> 0.67924528 | V59: =if(O59=0,"0%",if(J59+M59+Q59=0,O59/O59,(O59*4)/((J59*9)+(M59*4)+(Q59*4)))) -> 0.094339623 | W59: =if(I59=0,"N/A",K59/I59) -> 0.28947368 | X59: =F59*I59 -> 190
A60: Skippy | B60: Creamy Peanut Butter (squeeze packs) | C60: Skippy Creamy Peanut Butter (squeeze packs) | D60: Nut Butter | E60: N/A | F60: 1 | G60: =H60/28.3495 -> 1.1287677 | H60: 32 | I60: 190 | J60: 16 | K60: 150 | L60: 90 | M60: 6 | N60: 2 | O60: 3 | P60: =M60-N60-O60 -> 1 | Q60: 7 | R60: =I60/G60 -> 168.32516 | S60: =I60/H60 -> 5.9375 | T60: =if(Q60=0,"N/A",M60/Q60) -> 0.85714286 | U60: =if(J60=0,"0%",if(M60+O60+Q60=0,J60/J60,(J60*9)/((J60*9)+(M60*4)+(Q60*4)))) -> 0.73469388 | V60: =if(O60=0,"0%",if(J60+M60+Q60=0,O60/O60,(O60*4)/((J60*9)+(M60*4)+(Q60*4)))) -> 0.06122449 | W60: =if(I60=0,"N/A",K60/I60) -> 0.78947368 | X60: =F60*I60 -> 190
A61: Coconut Secret | B61: Grain-Free Granola - Original Coconut | C61: Coconut Secret Grain-Free Granola - Original Coconut | D61: Bar | E61: N/A | F61: 1 | G61: =H61/28.3495 -> 1.1993157 | H61: 34 | I61: 200 | J61: 15 | K61: 65 | M61: 16 | N61: 5 | O61: 10 | P61: =M61-N61-O61 -> 1 | Q61: 2 | R61: =I61/G61 -> 166.76176 | S61: =I61/H61 -> 5.8823529 | T61: =if(Q61=0,"N/A",M61/Q61) -> 8 | U61: =if(J61=0,"0%",if(M61+O61+Q61=0,J61/J61,(J61*9)/((J61*9)+(M61*4)+(Q61*4)))) -> 0.65217391 | V61: =if(O61=0,"0%",if(J61+M61+Q61=0,O61/O61,(O61*4)/((J61*9)+(M61*4)+(Q61*4)))) -> 0.19323672 | W61: =if(I61=0,"N/A",K61/I61) -> 0.325 | X61: =F61*I61 -> 200
A62: Food to Live | B62: Sunflower Seeds (raw, shelled) | C62: Food to Live Sunflower Seeds (raw, shelled) | D62: Nuts/Seeds | E62: N/A | F62: 1 | G62: =H62/28.3495 -> 0.98767174 | H62: 28 | I62: 164 | J62: 14 | K62: 3 | M62: 6 | N62: 2 | O62: 1 | P62: =M62-N62-O62 -> 3 | Q62: 6 | R62: =I62/G62 -> 166.04707 | S62: =I62/H62 -> 5.8571429 | T62: =if(Q62=0,"N/A",M62/Q62) -> 1 | U62: =if(J62=0,"0%",if(M62+O62+Q62=0,J62/J62,(J62*9)/((J62*9)+(M62*4)+(Q62*4)))) -> 0.72413793 | V62: =if(O62=0,"0%",if(J62+M62+Q62=0,O62/O62,(O62*4)/((J62*9)+(M62*4)+(Q62*4)))) -> 0.022988506 | W62: =if(I62=0,"N/A",K62/I62) -> 0.018292683 | X62: =F62*I62 -> 164
A63: Moon Cheese | B63: Pepper Jack (freeze dried) | C63: Moon Cheese Pepper Jack (freeze dried) | D63: Cheese | E63: N/A | F63: 1 | G63: =H63/28.3495 -> 0.42328789 | H63: 12 | I63: 70 | J63: 5 | K63: 150 | M63: 0 | N63: 0 | O63: 0 | P63: =M63-N63-O63 -> 0 | Q63: 4 | R63: =I63/G63 -> 165.37208 | S63: =I63/H63 -> 5.8333333 | T63: =if(Q63=0,"N/A",M63/Q63) -> 0 | U63: =if(J63=0,"0%",if(M63+O63+Q63=0,J63/J63,(J63*9)/((J63*9)+(M63*4)+(Q63*4)))) -> 0.73770492 | V63: =if(O63=0,"0%",if(J63+M63+Q63=0,O63/O63,(O63*4)/((J63*9)+(M63*4)+(Q63*4)))) -> 0% | W63: =if(I63=0,"N/A",K63/I63) -> 2.1428571 | X63: =F63*I63 -> 70
A64: Jif To Go | B64: Creamy Peanut Butter (individual cups) | C64: Jif To Go Creamy Peanut Butter (individual cups) | D64: Nut Butter | E64: N/A | F64: 1 | G64: =H64/28.3495 -> 1.5167816 | H64: 43 | I64: 250 | J64: 22 | K64: 180 | M64: 11 | N64: 3 | O64: 4 | P64: =M64-N64-O64 -> 4 | Q64: 9 | R64: =I64/G64 -> 164.82267 | S64: =I64/H64 -> 5.8139535 | T64: =if(Q64=0,"N/A",M64/Q64) -> 1.2222222 | U64: =if(J64=0,"0%",if(M64+O64+Q64=0,J64/J64,(J64*9)/((J64*9)+(M64*4)+(Q64*4)))) -> 0.71223022 | V64: =if(O64=0,"0%",if(J64+M64+Q64=0,O64/O64,(O64*4)/((J64*9)+(M64*4)+(Q64*4)))) -> 0.057553957 | W64: =if(I64=0,"N/A",K64/I64) -> 0.72 | X64: =F64*I64 -> 250
A65: Oberto | B65: Smoked Sausage Sticks | C65: Oberto Smoked Sausage Sticks | D65: Meat | E65: N/A | F65: 1 | G65: =H65/28.3495 -> 0.91712376 | H65: 26 | I65: 150 | J65: 13 | K65: 380 | M65: 0 | N65: 0 | O65: 0 | P65: =M65-N65-O65 -> 0 | Q65: 8 | R65: =I65/G65 -> 163.55481 | S65: =I65/H65 -> 5.7692308 | T65: =if(Q65=0,"N/A",M65/Q65) -> 0 | U65: =if(J65=0,"0%",if(M65+O65+Q65=0,J65/J65,(J65*9)/((J65*9)+(M65*4)+(Q65*4)))) -> 0.7852349 | V65: =if(O65=0,"0%",if(J65+M65+Q65=0,O65/O65,(O65*4)/((J65*9)+(M65*4)+(Q65*4)))) -> 0% | W65: =if(I65=0,"N/A",K65/I65) -> 2.5333333 | X65: =F65*I65 -> 150
A66: 88 Acres | B66: Dark Chocolate Sunflower Seed | C66: 88 Acres Dark Chocolate Sunflower Seed | D66: Nut Butter | E66: N/A | F66: 1 | G66: =H66/28.3495 -> 1.1640417 | H66: 33 | I66: 190 | J66: 15 | K66: 10 | L66: 180 | M66: 11 | N66: 3 | O66: 5 | P66: =M66-N66-O66 -> 3 | Q66: 5 | R66: =I66/G66 -> 163.22439 | S66: =I66/H66 -> 5.7575758 | T66: =if(Q66=0,"N/A",M66/Q66) -> 2.2 | U66: =if(J66=0,"0%",if(M66+O66+Q66=0,J66/J66,(J66*9)/((J66*9)+(M66*4)+(Q66*4)))) -> 0.67839196 | V66: =if(O66=0,"0%",if(J66+M66+Q66=0,O66/O66,(O66*4)/((J66*9)+(M66*4)+(Q66*4)))) -> 0.10050251 | W66: =if(I66=0,"N/A",K66/I66) -> 0.052631579 | X66: =F66*I66 -> 190
A67: 88 Acres | B67: Vanilla Spiced Sunflower Seed | C67: 88 Acres Vanilla Spiced Sunflower Seed | D67: Nut Butter | E67: N/A | F67: 1 | G67: =H67/28.3495 -> 1.1640417 | H67: 33 | I67: 190 | J67: 16 | K67: 10 | L67: 210 | M67: 10 | N67: 3 | O67: 5 | P67: =M67-N67-O67 -> 2 | Q67: 5 | R67: =I67/G67 -> 163.22439 | S67: =I67/H67 -> 5.7575758 | T67: =if(Q67=0,"N/A",M67/Q67) -> 2 | U67: =if(J67=0,"0%",if(M67+O67+Q67=0,J67/J67,(J67*9)/((J67*9)+(M67*4)+(Q67*4)))) -> 0.70588235 | V67: =if(O67=0,"0%",if(J67+M67+Q67=0,O67/O67,(O67*4)/((J67*9)+(M67*4)+(Q67*4)))) -> 0.098039216 | W67: =if(I67=0,"N/A",K67/I67) -> 0.052631579 | X67: =F67*I67 -> 190
A68: Trail Butter | B68: Spiced Chai Almond Cashew Butter Blend | C68: Trail Butter Spiced Chai Almond Cashew Butter Blend | D68: Nut Butter | E68: N/A | F68: 1 | G68: =H68/28.3495 -> 1.1640417 | H68: 33 | I68: 190 | J68: 16 | K68: 65 | M68: 10 | N68: 3 | O68: 4 | P68: =M68-N68-O68 -> 3 | Q68: 5 | R68: =I68/G68 -> 163.22439 | S68: =I68/H68 -> 5.7575758 | T68: =if(Q68=0,"N/A",M68/Q68) -> 2 | U68: =if(J68=0,"0%",if(M68+O68+Q68=0,J68/J68,(J68*9)/((J68*9)+(M68*4)+(Q68*4)))) -> 0.70588235 | V68: =if(O68=0,"0%",if(J68+M68+Q68=0,O68/O68,(O68*4)/((J68*9)+(M68*4)+(Q68*4)))) -> 0.078431373 | W68: =if(I68=0,"N/A",K68/I68) -> 0.34210526 | X68: =F68*I68 -> 190
A69: 88 Acres | B69: Maple Sunflower Seed | C69: 88 Acres Maple Sunflower Seed | D69: Nut Butter | E69: N/A | F69: 1 | G69: =H69/28.3495 -> 1.1640417 | H69: 33 | I69: 190 | J69: 17 | K69: 10 | L69: 240 | M69: 9 | N69: 3 | O69: 3 | P69: =M69-N69-O69 -> 3 | Q69: 5 | R69: =I69/G69 -> 163.22439 | S69: =I69/H69 -> 5.7575758 | T69: =if(Q69=0,"N/A",M69/Q69) -> 1.8 | U69: =if(J69=0,"0%",if(M69+O69+Q69=0,J69/J69,(J69*9)/((J69*9)+(M69*4)+(Q69*4)))) -> 0.73205742 | V69: =if(O69=0,"0%",if(J69+M69+Q69=0,O69/O69,(O69*4)/((J69*9)+(M69*4)+(Q69*4)))) -> 0.057416268 | W69: =if(I69=0,"N/A",K69/I69) -> 0.052631579 | X69: =F69*I69 -> 190
A70: 88 Acres | B70: Roasted Watermelon Seed | C70: 88 Acres Roasted Watermelon Seed | D70: Nut Butter | E70: N/A | F70: 1 | G70: =H70/28.3495 -> 1.1640417 | H70: 33 | I70: 190 | J70: 16 | K70: 35 | L70: 180 | M70: 6 | N70: 1 | O70: 3 | P70: =M70-N70-O70 -> 2 | Q70: 8 | R70: =I70/G70 -> 163.22439 | S70: =I70/H70 -> 5.7575758 | T70: =if(Q70=0,"N/A",M70/Q70) -> 0.75 | U70: =if(J70=0,"0%",if(M70+O70+Q70=0,J70/J70,(J70*9)/((J70*9)+(M70*4)+(Q70*4)))) -> 0.72 | V70: =if(O70=0,"0%",if(J70+M70+Q70=0,O70/O70,(O70*4)/((J70*9)+(M70*4)+(Q70*4)))) -> 0.06 | W70: =if(I70=0,"N/A",K70/I70) -> 0.18421053 | X70: =F70*I70 -> 190
A71: 88 Acres | B71: Roasted Pumpkin Seed | C71: 88 Acres Roasted Pumpkin Seed | D71: Nut Butter | E71: N/A | F71: 1 | G71: =H71/28.3495 -> 1.1640417 | H71: 33 | I71: 190 | J71: 17 | K71: 10 | L71: 220 | M71: 5 | N71: 2 | O71: 3 | P71: =M71-N71-O71 -> 0 | Q71: 8 | R71: =I71/G71 -> 163.22439 | S71: =I71/H71 -> 5.7575758 | T71: =if(Q71=0,"N/A",M71/Q71) -> 0.625 | U71: =if(J71=0,"0%",if(M71+O71+Q71=0,J71/J71,(J71*9)/((J71*9)+(M71*4)+(Q71*4)))) -> 0.74634146 | V71: =if(O71=0,"0%",if(J71+M71+Q71=0,O71/O71,(O71*4)/((J71*9)+(M71*4)+(Q71*4)))) -> 0.058536585 | W71: =if(I71=0,"N/A",K71/I71) -> 0.052631579 | X71: =F71*I71 -> 190
A72: Justin's | B72: Dark Chocolate Cashew Butter Cups | C72: Justin's Dark Chocolate Cashew Butter Cups | D72: Candy | E72: N/A | F72: 1 | G72: =H72/28.3495 -> 1.4109596 | H72: 40 | I72: 230 | J72: 15 | K72: 100 | M72: 21 | N72: 1 | O72: 14 | P72: =M72-N72-O72 -> 6 | Q72: 3 | R72: =I72/G72 -> 163.00962 | S72: =I72/H72 -> 5.75 | T72: =if(Q72=0,"N/A",M72/Q72) -> 7 | U72: =if(J72=0,"0%",if(M72+O72+Q72=0,J72/J72,(J72*9)/((J72*9)+(M72*4)+(Q72*4)))) -> 0.58441558 | V72: =if(O72=0,"0%",if(J72+M72+Q72=0,O72/O72,(O72*4)/((J72*9)+(M72*4)+(Q72*4)))) -> 0.24242424 | W72: =if(I72=0,"N/A",K72/I72) -> 0.43478261 | X72: =F72*I72 -> 230
A73: Justin's | B73: Dark Chocolate Almond Butter Cups | C73: Justin's Dark Chocolate Almond Butter Cups | D73: Candy | E73: N/A | F73: 1 | G73: =H73/28.3495 -> 1.4109596 | H73: 40 | I73: 230 | J73: 15 | K73: 100 | M73: 20 | N73: 1 | O73: 14 | P73: =M73-N73-O73 -> 5 | Q73: 3 | R73: =I73/G73 -> 163.00962 | S73: =I73/H73 -> 5.75 | T73: =if(Q73=0,"N/A",M73/Q73) -> 6.6666667 | U73: =if(J73=0,"0%",if(M73+O73+Q73=0,J73/J73,(J73*9)/((J73*9)+(M73*4)+(Q73*4)))) -> 0.59471366 | V73: =if(O73=0,"0%",if(J73+M73+Q73=0,O73/O73,(O73*4)/((J73*9)+(M73*4)+(Q73*4)))) -> 0.24669604 | W73: =if(I73=0,"N/A",K73/I73) -> 0.43478261 | X73: =F73*I73 -> 230
A74: Justin's | B74: White Chocolate Peanut Butter Cups | C74: Justin's White Chocolate Peanut Butter Cups | D74: Candy | E74: N/A | F74: 1 | G74: =H74/28.3495 -> 1.4109596 | H74: 40 | I74: 230 | J74: 16 | K74: 150 | M74: 19 | N74: 0 | O74: 16 | P74: =M74-N74-O74 -> 3 | Q74: 3 | R74: =I74/G74 -> 163.00962 | S74: =I74/H74 -> 5.75 | T74: =if(Q74=0,"N/A",M74/Q74) -> 6.3333333 | U74: =if(J74=0,"0%",if(M74+O74+Q74=0,J74/J74,(J74*9)/((J74*9)+(M74*4)+(Q74*4)))) -> 0.62068966 | V74: =if(O74=0,"0%",if(J74+M74+Q74=0,O74/O74,(O74*4)/((J74*9)+(M74*4)+(Q74*4)))) -> 0.27586207 | W74: =if(I74=0,"N/A",K74/I74) -> 0.65217391 | X74: =F74*I74 -> 230
A75: Justin's | B75: Milk Chocolate Peanut Butter Cups | C75: Justin's Milk Chocolate Peanut Butter Cups | D75: Candy | E75: N/A | F75: 1 | G75: =H75/28.3495 -> 1.4109596 | H75: 40 | I75: 230 | J75: 15 | K75: 120 | M75: 20 | N75: 1 | O75: 16 | P75: =M75-N75-O75 -> 3 | Q75: 4 | R75: =I75/G75 -> 163.00962 | S75: =I75/H75 -> 5.75 | T75: =if(Q75=0,"N/A",M75/Q75) -> 5 | U75: =if(J75=0,"0%",if(M75+O75+Q75=0,J75/J75,(J75*9)/((J75*9)+(M75*4)+(Q75*4)))) -> 0.58441558 | V75: =if(O75=0,"0%",if(J75+M75+Q75=0,O75/O75,(O75*4)/((J75*9)+(M75*4)+(Q75*4)))) -> 0.27705628 | W75: =if(I75=0,"N/A",K75/I75) -> 0.52173913 | X75: =F75*I75 -> 230
A76: Lindt | B76: 78% Cocoa | C76: Lindt 78% Cocoa | D76: Candy | E76: N/A | F76: 1 | G76: =H76/28.3495 -> 1.4109596 | H76: 40 | I76: 230 | J76: 19 | K76: 0 | M76: 14 | N76: 3 | O76: 7 | P76: =M76-N76-O76 -> 4 | Q76: 4 | R76: =I76/G76 -> 163.00962 | S76: =I76/H76 -> 5.75 | T76: =if(Q76=0,"N/A",M76/Q76) -> 3.5 | U76: =if(J76=0,"0%",if(M76+O76+Q76=0,J76/J76,(J76*9)/((J76*9)+(M76*4)+(Q76*4)))) -> 0.7037037 | V76: =if(O76=0,"0%",if(J76+M76+Q76=0,O76/O76,(O76*4)/((J76*9)+(M76*4)+(Q76*4)))) -> 0.11522634 | W76: =if(I76=0,"N/A",K76/I76) -> 0 | X76: =F76*I76 -> 230
A77: Signature (Safeway) | B77: 85% Cacao | C77: Signature (Safeway) 85% Cacao | D77: Candy | E77: N/A | F77: 1 | G77: =H77/28.3495 -> 1.4109596 | H77: 40 | I77: 230 | J77: 20 | K77: 0 | M77: 13 | N77: 6 | O77: 5 | P77: =M77-N77-O77 -> 2 | Q77: 4 | R77: =I77/G77 -> 163.00962 | S77: =I77/H77 -> 5.75 | T77: =if(Q77=0,"N/A",M77/Q77) -> 3.25 | U77: =if(J77=0,"0%",if(M77+O77+Q77=0,J77/J77,(J77*9)/((J77*9)+(M77*4)+(Q77*4)))) -> 0.72580645 | V77: =if(O77=0,"0%",if(J77+M77+Q77=0,O77/O77,(O77*4)/((J77*9)+(M77*4)+(Q77*4)))) -> 0.080645161 | W77: =if(I77=0,"N/A",K77/I77) -> 0 | X77: =F77*I77 -> 230
A78: Lindt | B78: 85% Cocoa | C78: Lindt 85% Cocoa | D78: Candy | E78: N/A | F78: 1 | G78: =H78/28.3495 -> 1.4109596 | H78: 40 | I78: 230 | J78: 18 | K78: 15 | M78: 15 | N78: 6 | O78: 5 | P78: =M78-N78-O78 -> 4 | Q78: 5 | R78: =I78/G78 -> 163.00962 | S78: =I78/H78 -> 5.75 | T78: =if(Q78=0,"N/A",M78/Q78) -> 3 | U78: =if(J78=0,"0%",if(M78+O78+Q78=0,J78/J78,(J78*9)/((J78*9)+(M78*4)+(Q78*4)))) -> 0.66942149 | V78: =if(O78=0,"0%",if(J78+M78+Q78=0,O78/O78,(O78*4)/((J78*9)+(M78*4)+(Q78*4)))) -> 0.082644628 | W78: =if(I78=0,"N/A",K78/I78) -> 0.065217391 | X78: =F78*I78 -> 230
A79: Bark Thins | B79: Dark Chocolate Pumpkin Seed with Sea Salt | C79: Bark Thins Dark Chocolate Pumpkin Seed with Sea Salt | D79: Candy | E79: N/A | F79: 1 | G79: =H79/28.3495 -> 1.4109596 | H79: 40 | I79: 230 | J79: 14 | K79: 50 | M79: 18 | N79: 1 | O79: 15 | P79: =M79-N79-O79 -> 2 | Q79: 7 | R79: =I79/G79 -> 163.00962 | S79: =I79/H79 -> 5.75 | T79: =if(Q79=0,"N/A",M79/Q79) -> 2.5714286 | U79: =if(J79=0,"0%",if(M79+O79+Q79=0,J79/J79,(J79*9)/((J79*9)+(M79*4)+(Q79*4)))) -> 0.55752212 | V79: =if(O79=0,"0%",if(J79+M79+Q79=0,O79/O79,(O79*4)/((J79*9)+(M79*4)+(Q79*4)))) -> 0.26548673 | W79: =if(I79=0,"N/A",K79/I79) -> 0.2173913 | X79: =F79*I79 -> 230
A80: Lays | B80: Potato Chips, Classic | C80: Lays Potato Chips, Classic | D80: Cracker | E80: N/A | F80: 1 | G80: =H80/28.3495 -> 0.98767174 | H80: 28 | I80: 160 | J80: 10 | K80: 170 | L80: 350 | M80: 15 | N80: 1 | O80: 1 | P80: =M80-N80-O80 -> 13 | Q80: 2 | R80: =I80/G80 -> 161.99714 | S80: =I80/H80 -> 5.7142857 | T80: =if(Q80=0,"N/A",M80/Q80) -> 7.5 | U80: =if(J80=0,"0%",if(M80+O80+Q80=0,J80/J80,(J80*9)/((J80*9)+(M80*4)+(Q80*4)))) -> 0.56962025 | V80: =if(O80=0,"0%",if(J80+M80+Q80=0,O80/O80,(O80*4)/((J80*9)+(M80*4)+(Q80*4)))) -> 0.025316456 | W80: =if(I80=0,"N/A",K80/I80) -> 1.0625 | X80: =F80*I80 -> 160
A81: Ruffles | B81: Potato Chips, Original | C81: Ruffles Potato Chips, Original | D81: Cracker | E81: N/A | F81: 1 | G81: =H81/28.3495 -> 0.98767174 | H81: 28 | I81: 160 | J81: 10 | K81: 160 | L81: 340 | M81: 15 | N81: 1 | O81: 1 | P81: =M81-N81-O81 -> 13 | Q81: 2 | R81: =I81/G81 -> 161.99714 | S81: =I81/H81 -> 5.7142857 | T81: =if(Q81=0,"N/A",M81/Q81) -> 7.5 | U81: =if(J81=0,"0%",if(M81+O81+Q81=0,J81/J81,(J81*9)/((J81*9)+(M81*4)+(Q81*4)))) -> 0.56962025 | V81: =if(O81=0,"0%",if(J81+M81+Q81=0,O81/O81,(O81*4)/((J81*9)+(M81*4)+(Q81*4)))) -> 0.025316456 | W81: =if(I81=0,"N/A",K81/I81) -> 1 | X81: =F81*I81 -> 160
A82: Signature (Safeway) | B82: Whole Cashews, Unsalted | C82: Signature (Safeway) Whole Cashews, Unsalted | D82: Nuts/Seeds | E82: N/A | F82: 1 | G82: =H82/28.3495 -> 0.98767174 | H82: 28 | I82: 160 | J82: 13 | K82: 0 | M82: 8 | N82: 1 | O82: 1 | P82: =M82-N82-O82 -> 6 | Q82: 5 | R82: =I82/G82 -> 161.99714 | S82: =I82/H82 -> 5.7142857 | T82: =if(Q82=0,"N/A",M82/Q82) -> 1.6 | U82: =if(J82=0,"0%",if(M82+O82+Q82=0,J82/J82,(J82*9)/((J82*9)+(M82*4)+(Q82*4)))) -> 0.69230769 | V82: =if(O82=0,"0%",if(J82+M82+Q82=0,O82/O82,(O82*4)/((J82*9)+(M82*4)+(Q82*4)))) -> 0.023668639 | W82: =if(I82=0,"N/A",K82/I82) -> 0 | X82: =F82*I82 -> 160
A83: Signature (Safeway) | B83: Raw Almonds Unsalted | C83: Signature (Safeway) Raw Almonds Unsalted | D83: Nuts/Seeds | E83: N/A | F83: 1 | G83: =H83/28.3495 -> 0.98767174 | H83: 28 | I83: 160 | J83: 14 | K83: 0 | M83: 6 | N83: 3 | O83: 1 | P83: =M83-N83-O83 -> 2 | Q83: 6 | R83: =I83/G83 -> 161.99714 | S83: =I83/H83 -> 5.7142857 | T83: =if(Q83=0,"N/A",M83/Q83) -> 1 | U83: =if(J83=0,"0%",if(M83+O83+Q83=0,J83/J83,(J83*9)/((J83*9)+(M83*4)+(Q83*4)))) -> 0.72413793 | V83: =if(O83=0,"0%",if(J83+M83+Q83=0,O83/O83,(O83*4)/((J83*9)+(M83*4)+(Q83*4)))) -> 0.022988506 | W83: =if(I83=0,"N/A",K83/I83) -> 0 | X83: =F83*I83 -> 160
A84: Power Crunch | B84: Pro - French Vanilla Crème | C84: Power Crunch Pro - French Vanilla Crème | D84: Bar | E84: N/A | F84: 1 | G84: =H84/28.3495 -> 2.0458915 | H84: 58 | I84: 330 | J84: 23 | K84: 170 | M84: 13 | N84: 1 | O84: 7 | P84: =M84-N84-O84 -> 5 | Q84: 20 | R84: =I84/G84 -> 161.29888 | S84: =I84/H84 -> 5.6896552 | T84: =if(Q84=0,"N/A",M84/Q84) -> 0.65 | U84: =if(J84=0,"0%",if(M84+O84+Q84=0,J84/J84,(J84*9)/((J84*9)+(M84*4)+(Q84*4)))) -> 0.61061947 | V84: =if(O84=0,"0%",if(J84+M84+Q84=0,O84/O84,(O84*4)/((J84*9)+(M84*4)+(Q84*4)))) -> 0.08259587 | W84: =if(I84=0,"N/A",K84/I84) -> 0.51515152 | X84: =F84*I84 -> 330
A85: Bare Snacks | B85: Baked Crunchy Toasted Coconut Chips | C85: Bare Snacks Baked Crunchy Toasted Coconut Chips | D85: Fruit | E85: N/A | F85: 1 | G85: =H85/28.3495 -> 1.0582197 | H85: 30 | I85: 170 | J85: 11 | K85: 170 | M85: 17 | N85: 6 | O85: 11 | P85: =M85-N85-O85 -> 0 | Q85: 1 | R85: =I85/G85 -> 160.64717 | S85: =I85/H85 -> 5.6666667 | T85: =if(Q85=0,"N/A",M85/Q85) -> 17 | U85: =if(J85=0,"0%",if(M85+O85+Q85=0,J85/J85,(J85*9)/((J85*9)+(M85*4)+(Q85*4)))) -> 0.57894737 | V85: =if(O85=0,"0%",if(J85+M85+Q85=0,O85/O85,(O85*4)/((J85*9)+(M85*4)+(Q85*4)))) -> 0.25730994 | W85: =if(I85=0,"N/A",K85/I85) -> 1 | X85: =F85*I85 -> 170
A86: Safeway (bulk dispenser) | B86: Glazed Walnuts | C86: Safeway (bulk dispenser) Glazed Walnuts | D86: Nuts/Seeds | E86: N/A | F86: 1 | G86: =H86/28.3495 -> 1.0582197 | H86: 30 | I86: 170 | J86: 14 | K86: 0 | M86: 12 | N86: 1 | O86: 9 | P86: =M86-N86-O86 -> 2 | Q86: 3 | R86: =I86/G86 -> 160.64717 | S86: =I86/H86 -> 5.6666667 | T86: =if(Q86=0,"N/A",M86/Q86) -> 4 | U86: =if(J86=0,"0%",if(M86+O86+Q86=0,J86/J86,(J86*9)/((J86*9)+(M86*4)+(Q86*4)))) -> 0.67741935 | V86: =if(O86=0,"0%",if(J86+M86+Q86=0,O86/O86,(O86*4)/((J86*9)+(M86*4)+(Q86*4)))) -> 0.19354839 | W86: =if(I86=0,"N/A",K86/I86) -> 0 | X86: =F86*I86 -> 170
A87: RiverTrail | B87: Cranberry Health Mix | C87: RiverTrail Cranberry Health Mix | D87: Trail Mix | E87: N/A | F87: 1 | G87: =H87/28.3495 -> 1.0582197 | H87: 30 | I87: 170 | J87: 13 | K87: 110 | M87: 12 | N87: 3 | O87: 6 | P87: =M87-N87-O87 -> 3 | Q87: 6 | R87: =I87/G87 -> 160.64717 | S87: =I87/H87 -> 5.6666667 | T87: =if(Q87=0,"N/A",M87/Q87) -> 2 | U87: =if(J87=0,"0%",if(M87+O87+Q87=0,J87/J87,(J87*9)/((J87*9)+(M87*4)+(Q87*4)))) -> 0.61904762 | V87: =if(O87=0,"0%",if(J87+M87+Q87=0,O87/O87,(O87*4)/((J87*9)+(M87*4)+(Q87*4)))) -> 0.12698413 | W87: =if(I87=0,"N/A",K87/I87) -> 0.64705882 | X87: =F87*I87 -> 170
A88: Kirkland | B88: Cashews | C88: Kirkland Cashews | D88: Nuts/Seeds | E88: N/A | F88: 1 | G88: =H88/28.3495 -> 1.0582197 | H88: 30 | I88: 170 | J88: 14 | K88: 120 | M88: 9 | N88: 1 | O88: 2 | P88: =M88-N88-O88 -> 6 | Q88: 5 | R88: =I88/G88 -> 160.64717 | S88: =I88/H88 -> 5.6666667 | T88: =if(Q88=0,"N/A",M88/Q88) -> 1.8 | U88: =if(J88=0,"0%",if(M88+O88+Q88=0,J88/J88,(J88*9)/((J88*9)+(M88*4)+(Q88*4)))) -> 0.69230769 | V88: =if(O88=0,"0%",if(J88+M88+Q88=0,O88/O88,(O88*4)/((J88*9)+(M88*4)+(Q88*4)))) -> 0.043956044 | W88: =if(I88=0,"N/A",K88/I88) -> 0.70588235 | X88: =F88*I88 -> 170
A89: Signature (Safeway) | B89: Raw Spanish Peanuts | C89: Signature (Safeway) Raw Spanish Peanuts | D89: Nuts/Seeds | E89: N/A | F89: 1 | G89: =H89/28.3495 -> 1.0582197 | H89: 30 | I89: 170 | J89: 15 | K89: 10 | M89: 5 | N89: 3 | O89: 1 | P89: =M89-N89-O89 -> 1 | Q89: 8 | R89: =I89/G89 -> 160.64717 | S89: =I89/H89 -> 5.6666667 | T89: =if(Q89=0,"N/A",M89/Q89) -> 0.625 | U89: =if(J89=0,"0%",if(M89+O89+Q89=0,J89/J89,(J89*9)/((J89*9)+(M89*4)+(Q89*4)))) -> 0.72192513 | V89: =if(O89=0,"0%",if(J89+M89+Q89=0,O89/O89,(O89*4)/((J89*9)+(M89*4)+(Q89*4)))) -> 0.021390374 | W89: =if(I89=0,"N/A",K89/I89) -> 0.058823529 | X89: =F89*I89 -> 170
A90: Safeway (bulk dispenser) | B90: Pine Nuts | C90: Safeway (bulk dispenser) Pine Nuts | D90: Nuts/Seeds | E90: N/A | F90: 1 | G90: =H90/28.3495 -> 1.0582197 | H90: 30 | I90: 170 | J90: 15 | K90: 0 | M90: 4 | N90: 1 | O90: 0 | P90: =M90-N90-O90 -> 3 | Q90: 7 | R90: =I90/G90 -> 160.64717 | S90: =I90/H90 -> 5.6666667 | T90: =if(Q90=0,"N/A",M90/Q90) -> 0.57142857 | U90: =if(J90=0,"0%",if(M90+O90+Q90=0,J90/J90,(J90*9)/((J90*9)+(M90*4)+(Q90*4)))) -> 0.75418994 | V90: =if(O90=0,"0%",if(J90+M90+Q90=0,O90/O90,(O90*4)/((J90*9)+(M90*4)+(Q90*4)))) -> 0% | W90: =if(I90=0,"N/A",K90/I90) -> 0 | X90: =F90*I90 -> 170
